source_id,bp_min_flux,bp_max_flux,rp_min_flux,rp_max_flux,percentage_change_bp,percentage_change_rp,max_percentage_change
4038145607726653440,7754.459892619606,65199.2644550606,12788.227401241376,119401.49350919465,740.7969782281642,833.6829082160685,833.6829082160685
4038145878280500224,438.4507323524839,226047.03623334112,533.4608037853059,109597.86488546059,51455.857831619505,20444.689339456854,51455.857831619505
4038145916941195520,451.8673156402899,795.7096985970663,730.2045879591301,1517.8057959669015,76.09366091671322,107.86034777035034,107.86034777035034
4038146226202392064,3531.0834650182255,7647.406791150094,4508.3356599724975,7107.585036064927,116.57394584159519,57.65430021482221,116.57394584159519
4038146428037044992,147.09274245772252,1826.9742898172092,405.37717121498525,3203.1372424520205,1142.0560384495645,690.1622167947115,1142.0560384495645
4038146466720540032,1268.3268332026746,2958.680499047201,2005.8762850188627,11176.772368400574,133.27429662401642,457.2014810622017,457.2014810622017
4038146496721877120,6246.391209992244,25975.500948249228,53887.277924211,114147.70404308084,315.8481285433527,111.82681412043539,315.8481285433527
4038146909038749184,5336.5282045889,14610.887837976794,6971.547119569836,13859.08230754002,173.7901361677961,98.79493130923808,173.7901361677961
4038147016475952512,1260.9994182055696,2191.4417795986406,2848.28913547047,10687.20552456602,73.78610552549749,275.21491029388585,275.21491029388585
4038147016480187264,132.65763667223342,561.7127813721656,307.11075743860056,157888.41750489592,323.43041491084983,51310.90426845823,51310.90426845823
4038147222621431040,236.72218445255217,174080.45407990896,270.32477382557875,120875.225699265,73437.87076715704,44614.81617783842,73437.87076715704
4038147291340859264,4542.193958776974,168377.77044388413,5559.919887792502,164843.06921991112,3606.970067152776,2864.84612272642,3606.970067152776
4038147325700536832,303.0954025786711,176521.97958352766,488.69610614149684,980.761536038056,58139.741705653156,100.68945172935074,58139.741705653156
4038147703657526016,79.32033748783068,2465.1788750995734,151.9940274031676,663.8465871760815,3007.877441239809,336.75833749388937,3007.877441239809
4038147772380102528,14.157246805147102,188606.72562024358,122.03367819739829,150881.05805082052,1332127.4324671128,123538.86779415066,1332127.4324671128
4038147841094283904,1911.4213791455215,2530.4569870556015,1865.4582506880888,4078.233165047148,32.38614021293476,118.61830269012236,118.61830269012236
4038147905505828608,169.1061072393014,80840.0303704071,259.8772019909213,690.5222396299207,47704.32338615109,165.7109720821312,47704.32338615109
4038148077268268928,49535.78380761228,171277.2830644728,436086.4299186577,572122.9073913097,245.76475811845785,31.194843072284232,245.76475811845785
4038148111629753472,38977.50006529325,39920.875117803225,38407.36548885794,130512.69578389177,2.420306717797904,239.8116328019265,239.8116328019265
4038148145995096832,1540.2074808084224,156338.48765050588,2427.9204820080404,157842.30492724568,10050.482295310441,6401.131569049589,10050.482295310441
4038148184684362752,48.47435486978404,20606.064831936,157.65104077328786,360.7891834088581,42409.20901843826,128.85302985579125,42409.20901843826
4038148459584974592,26233.16447226221,149350.01797778238,150091.61047961278,170948.08029598068,469.3175832282776,13.895826522029939,469.3175832282776
4038148627060507392,764.5519053679843,149113.50994623193,779.3799706414009,1203.5370159255092,19403.38608788929,54.42236922448017,19403.38608788929
4038148631383689728,642.4967096958603,1112.965658479167,963.1908780041136,9159.67654269231,73.2251141030766,850.9721024012013,850.9721024012013
4038148665743435264,767.2600794668668,138393.87222337793,2035.0077273286106,2354.9602352091174,17937.413378725683,15.722422258342672,17937.413378725683
4038149043700567808,158.09950105623238,185381.05389001168,297.0484598750959,126509.39467379784,117155.93860291556,42488.80679839007,117155.93860291556
4038149417299970432,2124.0009545621688,2465.9803762987076,3233.7576522809454,109440.6636045844,16.10071883451826,3284.3186587402415,3284.3186587402415
4038149662175876352,445.001552648284,562.6850111825805,662.1813370386385,67273.49162526967,26.445628747572037,10059.375968843447,10059.375968843447
4038150418077025920,241.7260207739853,254.4899573050521,405.2896584522397,1417.1357547970626,5.2803320429458855,249.65998397515526,249.65998397515526
4038151242710340864,1212.1008311701903,118441.36546119502,2761.3776831825476,87050.5533501487,9671.576952624393,3052.43198640691,9671.576952624393
4038151345803245824,22335.014440124487,184585.08275876901,26371.23957398674,30334.260420222858,726.4381617195866,15.027814051431026,726.4381617195866
4038151547603817088,312.945137676195,61893.51321659108,51138.21199735203,617994.2304661258,19677.751997103223,1108.4783693613024,19677.751997103223
4038151822505718272,484.97123590713244,762.8359384380145,409.2247980333355,2088.342217663404,57.2950892667149,410.3166346955561,410.3166346955561
4038151861199289216,1542.5116343623904,174206.45810737117,3520.814779418548,164456.55495558272,11193.688438167328,4570.980021923852,11193.688438167328
4038152303518100352,1116.1697907287387,145464.3259349627,1935.8995172219222,111340.77761242012,12932.455021022397,5651.371732981146,12932.455021022397
4038152372235557632,43709.457085981136,90677.86771576002,258082.46491650323,470105.68203348026,107.45594606079649,82.153282744557,107.45594606079649
4038152410933655680,88.5945597034337,663.3692752177404,165.37440718837476,791.1035464700876,648.769763559229,378.3712062344429,648.769763559229
4038152647115600640,3401.6293173725944,182441.1306483687,3716.421519738266,162099.26652721938,5263.345433219794,4261.702935641042,5263.345433219794
4038152681477782400,739.9491202505875,1607.077948870858,1281.2296936686753,1646.717953882174,117.18762883677908,28.526365102182343,117.18762883677908
4038153334310348928,1832.9724719106393,133853.15031864878,2030.788761817002,3840.0981674239665,7202.518306732888,89.09392447041739,7202.518306732888
4038153677907849600,1283.2616088718287,154185.04096778872,1390.4856416688683,148334.2750745502,11915.090290384322,10567.803437115583,11915.090290384322
4038153746629709440,581.0980712716818,1172.2958005815387,1257.7766434882121,113262.77298061686,101.7380298675012,8904.99890556907,8904.99890556907
4038154232006736640,389.04712639584716,685.8977138836365,502.8465654953501,3039.0379128181985,76.3019612142695,504.3668429602311,504.3668429602311
4038154644338663040,784.737878103779,217947.67069252857,1410.1432109002033,204131.8926215023,27673.308358604005,14375.968897597937,27673.308358604005
4038154983577774208,1206.5823173603583,1966.2239037485651,1383.744103316537,6365.510944835792,62.9581235742022,360.02081812518884,360.02081812518884
4038155395894784256,770.6810491668841,2955.2407632184736,2034.6246219910697,2225.7816594929836,283.458340699194,9.395199263579586,283.458340699194
4038155812569889152,51.18668195320027,1760.496800649289,236.92987369555405,2709.558600469472,3339.3649548507606,1043.612056262332,3339.3649548507606
4038156053065058432,133.45398394950453,4860.493581562177,189.72178266391148,4490.798991022179,3542.074547134733,2267.0444837520545,3542.074547134733
4038156186168839424,2809.0266325747693,141773.6113075491,4420.809130841398,100532.69811749096,4947.072521971734,2174.0791366931717,4947.072521971734
4038156293606222080,7732.245394576835,12318.220867676597,7188.930261299212,26611.073963292525,59.309750778424956,270.1673683851158,270.1673683851158
4038156362325714048,31641.827381428273,278987.94710646156,161425.2210313865,271216.1017103434,781.7061787974029,68.01346157525772,781.7061787974029
4038156431045166720,3533.03681449772,129692.70859293292,7128.718369306018,128979.20119996341,3570.856416234963,1709.2901769735583,3570.856416234963
4038156461083408768,106.94899619253556,3912.358060053513,212.79785895573858,689.4190440410987,3558.153137791277,223.97837432400866,3558.153137791277
4038156774619040128,135.21159784857875,320.6084292122846,220.00500840076077,532.867923889299,137.11607163412765,142.20717871959883,142.20717871959883
4038156873363623040,2759.8115817921876,6516.082566836896,7498.095007453972,8457.631708167992,136.1060664368048,12.797073120040878,136.1060664368048
4038157113881783680,5782.2473482920395,41512.851562239266,8355.489385001165,37893.42865018113,617.936280856289,353.5153706041821,617.936280856289
4038157182598981120,13539.350124283052,60260.648914134734,152858.28944113496,358699.1866546036,345.0778535230893,134.66125910871,345.0778535230893
4038157496173911040,97.77436477601773,322.4844614109278,306.61519486526043,606.1730915441333,229.82516649397587,97.69832079278105,229.82516649397587
4038157564916437632,5354.7885303411185,115632.74833269241,98836.87081548656,198065.83569447752,2059.4269816165124,100.3967082934428,2059.4269816165124
4038157599276200832,245.26333942061206,1716.6601057296427,446.76694795691924,2056.817806890659,599.9252761480478,360.37823887746356,599.9252761480478
4038157801076637440,2465.843970885528,8595.832440240147,2901.871297784572,7617.900166417073,248.59595910090096,162.5168170701762,248.59595910090096
4038157904182659328,333.9672631043891,592.3929249897881,479.52182386611946,2242.1913208116343,77.38053708714023,367.58900413209244,367.58900413209244
4038157942851036928,63.1259436591789,608.6899847753338,185.0357038381565,3143.0188222032357,864.2469474384269,1598.6012737046203,1598.6012737046203
4038158458269712256,1298.2130066277975,1979.2979038748067,1476.0711921998586,6761.3031851647565,52.46326248233921,358.06077788755346,358.06077788755346
4038158591350823168,1261.3003021394045,90549.87829881134,88998.61210235808,633394.5364619788,7079.089559022666,611.6903528040485,7079.089559022666
4038158831868655232,4852.372092698341,6199.4223882035685,5259.884973804837,504798.94671426003,27.76065540258581,9497.148021834102,9497.148021834102
4038159351600758272,251.6953678567582,97206.20501153936,578.6354879454271,82643.71598801155,38520.577660714116,14182.517700643677,38520.577660714116
4038159587783026816,32855.40698588941,34320.17987382141,31120.6500735662,107485.03721887185,4.458239974202997,245.3817223123156,245.3817223123156
4038159798278036224,1601.363999510344,5319.069686481351,1855.6067813369334,2332.354457085644,232.1586902233212,25.69227923413935,232.1586902233212
4038159862685907456,233.47034011284737,204756.0535383831,304.19879409417,170310.01808329698,87601.0987517364,55886.42117909729,87601.0987517364
4038160137538867328,18693.76634653149,183493.1296458908,166120.81460127403,361434.20809330826,881.5738906993282,117.57310121602083,881.5738906993282
4038160309362656128,1654.5682207252773,159453.94829288404,1875.7003395490385,2801.3536145104827,9537.19393951539,49.34974182411208,9537.19393951539
4038160348034505216,451.72873767503927,146060.37891706062,445.8309116124627,105545.78136973866,32233.647770297994,23573.948714772843,32233.647770297994
4038160378057153920,1931.910588748748,6216.276660678078,112959.19599945167,234780.61698158298,221.76834149991436,107.84550996868167,221.76834149991436
4038160691631828096,5427.779535180239,6164.978764915535,9215.720157649203,18883.690657902625,13.581967081697549,104.90737929177291,104.90737929177291
4038160760372434304,3253.001629876832,188450.7848872314,4370.359834097277,184936.94066788608,5693.135274093504,4131.618166198114,5693.135274093504
4038160794715393536,620.736890784236,2344.7060953221558,856.1362569590171,1416.442296561821,277.72945834745946,65.44589544577896,277.72945834745946
4038160824770735872,23.128234521682764,427.14734469634334,95.814228471616,1229.1380252829333,1746.8653294564785,1182.8345485733917,1746.8653294564785
4038160966508488576,84.27566835908345,920.9143346248737,148.7570214036874,6485.3766649473655,992.7404701212497,4259.711295474087,4259.711295474087
4038161035228036096,247.79244206959163,134325.06325000056,268.3267152313517,199374.64643939945,54108.70068840753,74202.94306234036,74202.94306234036
4038161172667191424,220.03327380657677,856.409528642922,358.51218868083697,2135.9191912261563,289.21819133398907,495.773103024858,495.773103024858
4038161241408652288,2162.85786209462,220818.74903584074,4489.073817892791,5282.319096483352,10109.582095329593,17.67057773540727,10109.582095329593
4038161619365744384,4856.437940875828,6069.504194432089,4573.905223507986,9785.836077057942,24.978518583468045,113.94925340303908,113.94925340303908
4038161752446819456,824.7180918334788,1360.0117749098886,1766.1569539566467,107981.28756372292,64.90626171257712,6013.912318031363,6013.912318031363
4038161894222089600,391.25434389441546,1595.6775908820368,499.7213899121227,557.3148186560957,307.83638975076764,11.525107771372554,307.83638975076764
4038162096046325888,287.2705936978263,514.8858687437473,605.3148482692122,5411.904044112815,79.2337538332742,794.0643137347731,794.0643137347731
4038162169100437248,108.6693967234168,301.5049477275997,277.24656009919426,470.6042815840279,177.45157037632603,69.7421534880914,177.45157037632603
4038162577080599552,2412.164835614905,122414.83688531013,5433.045327470741,195023.77255854817,4974.895176228882,3489.5848608599417,4974.895176228882
4038163062474909568,15839.831099398089,311727.6869252377,11676.751218639294,33129.862452518595,1867.99880610522,183.72500049186849,1867.99880610522
4038163436073320320,1850.7747764589444,94820.85690496812,2929.2801083377276,4660.862496248864,5023.306093807224,59.11289886489393,5023.306093807224
4038163436075791104,462.7121313613149,169892.6034042509,976.2943884710221,142021.18579575044,36616.69530349703,14446.963239046196,36616.69530349703
4038163818390048512,381.62180082173586,39333.18500667163,664.2236127059142,1683.8858934690475,10206.84958825113,153.5118988933912,10206.84958825113
4038164260743107456,26064.154571550214,240185.37095584066,46041.77095011248,179334.51215871025,821.5160625927609,289.50394056958436,821.5160625927609
4038164711727425024,2338.5717518114607,2864.619626390923,2845.800458539975,7687.473469706107,22.49440814343134,170.13395990701787,170.13395990701787
4038164746102871296,7921.934203699981,207210.96521221215,14251.223227946393,16177.614963917253,2515.6612751900057,13.517378158762117,2515.6612751900057
4038164952248490240,810.5656904989775,1544.610853552999,1404.9213727712552,50223.63152599091,90.55961431110532,3474.8357523327504,3474.8357523327504
4038165020980706560,7889.279924883278,147446.1654560134,18803.984414939514,175682.3165010312,1768.9432604737356,834.282397944629,1768.9432604737356
4038165257176083968,561.0314273081875,1163.314829047281,874.8825057455769,2250.8386334874263,107.35288121537711,157.27324740243336,157.27324740243336
4038165261478694784,61.515566141184706,202.02374457622395,72.08974149372406,2256.063769292377,228.4107702309984,3029.521236372839,3029.521236372839
4038165261482771328,229.99587194525824,171358.35367084545,344.2586307265335,136401.6948736611,74404.96925076585,39521.86643971567,74404.96925076585
4038165330198351232,131.8562493918549,563.69730187088,164.06121206303027,1479.5837421207057,327.5089762303682,801.8485987731628,801.8485987731628
4038165566377432832,16123.582367308903,121769.78579292604,159146.31509093533,179158.15143881674,655.2278582941859,12.57448929084331,655.2278582941859
4038166086111045504,23.36042965023874,388.12139505044644,89.69981511835896,7167.582966100219,1561.4480164172833,7890.632931230225,7890.632931230225
4038166292270106368,234.49012591426194,523.2021821091565,538.8703457162832,1396.714577070425,123.12333198219957,159.1930671586444,159.1930671586444
4038166322315759488,2925.4404611908312,44956.03436792885,4950.728652365237,171174.11290506006,1436.7270318545134,3357.553926395879,3357.553926395879
4038166842046605184,9158.563810284113,19002.332838679653,89509.04116054627,124106.09154729583,107.4815793426259,38.652017648915695,107.4815793426259
4038166940789904896,274.5666846945969,838.4801179805711,581.4837872687784,846.0088465208441,205.38305071979886,45.49139030935606,205.38305071979886
4038166940790001152,222.0102375680562,665.647993563858,359.2966837293101,1164.4598446379794,199.827611940556,224.09423670474783,224.09423670474783
4038166979485563008,164.70897542097995,202887.4774507449,532.5673874419143,122544.10211122874,123079.36951048626,22910.065017282774,123079.36951048626
4038167219983554048,434.75378916072754,1055.913548065265,859.5461643250377,162527.25572826597,142.87621508800606,18808.496422166132,18808.496422166132
4038167284364585216,596.0376974178552,3086.4419083326698,996.7411779738604,2230.207379746386,417.8266276954802,123.74989907408774,417.8266276954802
4038167357442692096,4069.7905284615827,171217.59502211513,5317.269233433103,88094.57996002215,4107.037040966256,1556.7635771782002,4107.037040966256
4038167563586018944,840.0685031442924,191925.72847988823,1242.200042341349,192085.90925974541,22746.437851381095,15363.36360588864,22746.437851381095
4038167666680655744,472.31288976775465,2265.9080731544304,494.477456173656,875.2996015057464,379.7472443042198,77.01506723460193,379.7472443042198
4038168285155631488,2074.7415642915735,4236.980712105109,2636.551536704751,15141.279690773767,104.21727626360241,474.2834714203174,474.2834714203174
4038168353859219712,255.78556552520746,450.86166860479443,317.45691237988063,1220.7253946491069,76.26548537992555,284.53262381268985,284.53262381268985
4038168830588550912,2200.8996062025053,227510.89235790147,4414.870875213567,198712.41001371015,10237.177203209883,4400.9789783285005,10237.177203209883
4038169277229407360,3777.9797847005375,149145.6074846685,6232.294311512676,176377.60362902528,3847.760866499463,2730.0589608422333,3847.760866499463
4038169315947879296,952.4437671328642,1187.419609695405,1518.0192263612153,14244.765476191844,24.67083629198258,838.3784624610728,838.3784624610728
4038169414690060928,128.939300449676,159638.4054953388,180.3140438510589,126860.4514528176,123708.95889662781,70255.28056683457,123708.95889662781
4038169625167485312,683.659953413744,1806.5307554078136,1201.794710273284,3154.1391408551963,164.2440509184717,162.45240671245392,164.2440509184717
4038170033165815424,333.8674423290689,122802.31958235225,581.8931740914481,99942.91812025732,36681.75946887176,17075.475253908146,36681.75946887176
4038170071862068608,927.6979854568468,313101.54273178603,96808.98093884297,944710.8312788871,33650.3743287314,875.850403668321,33650.3743287314
4038170278001636480,213.40261287008425,4985.584713674297,427.8171633664537,666.7687007505882,2236.23414756849,55.85365848902529,2236.23414756849
4038170827757604736,64.89236079277408,1492.6695186344577,122.06681742670766,344.54290883587015,2200.223786588868,182.25763241737945,2200.223786588868
4038172270864541696,29.417313712790307,1645.2359234077082,72.96812901993131,13911.360326510554,5492.746977071461,18964.98153832429,18964.98153832429
4038172339605619968,8746.611732839421,135950.82918278142,12884.249830631186,15020.491684704719,1454.325644436118,16.58025792851985,1454.325644436118
4038172442663431168,100.74207201122594,1632.8593736102075,966.1180723408582,2523.207272614702,1520.8316356926368,161.16965874586018,1520.8316356926368
4038173091160428544,1563.0552547893697,166812.45235968038,4408.770658056365,6992.597699565578,10572.204443736015,58.6065196380233,10572.204443736015
4038173129879655040,1162.3137780163688,10176.116015006222,1808.2871160706934,163171.23359539566,775.5050664866947,8923.524646349171,8923.524646349171
4038173164239419136,209.2857451538971,144559.63339806005,596.4537774118473,4361.305930036243,68972.85218673586,631.206020516958,68972.85218673586
4038173542176048896,120.22111431810335,273.5123594938129,242.68318935699727,479.28336674819127,127.507756058643,97.49343496683039,127.507756058643
4038173679614545664,82.5048130163134,292.51984244421254,162.06186124408663,2401.565639425048,254.5488217594937,1381.882054783989,1381.882054783989
4038173748354951040,9423.166932676248,182792.7901842541,357277.63050510315,649509.6659814797,1839.8233257482962,81.79410366756854,1839.8233257482962
4038174023212237056,185.23647544376038,493.97460380459177,298.857033876991,687.1506378870686,166.67242648684888,129.92620550798162,166.67242648684888
4038174328136479872,600.3678387085454,7364.232341769419,603.5803377240771,73025.33639661927,1126.6200597304912,11998.693716892138,11998.693716892138
4038174882204303232,43.36726403139744,485.1890919711447,208.2435992692419,346.1019550522304,1018.7911038609052,66.2005248981261,1018.7911038609052
4038175084025479680,9407.848810308085,110452.0316217337,9987.155957798199,155349.05605712955,1074.0413121936283,1455.4884364835561,1455.4884364835561
4038175122723122816,107.06150220607167,155776.92844813585,149.20471628185905,1404.3793623576075,145402.2816215458,841.2432779300543,145402.2816215458
4038176458414915584,7413.010143012236,19030.005764844882,205822.0878448873,393672.0349447459,156.71090957272241,91.26811853226705,156.71090957272241
4038176634573141120,10134.514728052654,165156.77460012882,12408.395198993978,172467.57168997408,1529.6465990914166,1289.9264886724197,1529.6465990914166
4038176767654678144,384.69264595895385,767.4120467210988,598.6449271184382,174520.65144141266,99.48705928809997,29052.615103825116,29052.615103825116
4038176840711859840,319.5443024239409,467.46680861395345,388.0861188445689,4413.057883395176,46.29170511504319,1037.1336590275303,1037.1336590275303
4038177008170795520,718.1535611673725,1634.9672551737212,1296.1662796589371,3190.6782378647945,127.66262587573198,146.16272525654378,146.16272525654378
4038177115609459328,7207.5200597279645,176029.82104459833,10743.775001864396,174740.74645844632,2342.3077505973984,1526.4371361846565,2342.3077505973984
4038177562266927232,368.9948773591753,174787.55605293604,613.827723470464,190101.17835041918,47268.558963164105,30869.793491180826,47268.558963164105
4038177596626536704,859.3686234339474,2460.478121528328,994.4534142449609,1428.6321550743326,186.31230585269844,43.66003822904284,186.31230585269844
4038177695365604352,13025.404160291684,87151.1656711064,119776.57268579506,207842.4623340791,569.0860767053142,73.52513740671445,569.0860767053142
4038177734065930624,135.9377227246943,600.338940514702,364.888898866774,1346.5870341086766,341.6279223174341,269.0402854925806,341.6279223174341
4038178043322466432,756.4308362341213,1001.5083205420663,1204.4771899752,4803.735832469419,32.39919270452527,298.8233129237032,298.8233129237032
4038178279481188864,22471.587964930062,46567.79377697774,658660.1069252841,945474.5923221807,107.22965306080306,43.545142992762386,107.22965306080306
4038178451280504832,566.5581582277381,647.6809436935195,789.5714904636097,2048.3992538067055,14.318527460542299,159.4317650202839,159.4317650202839
4038178485676565632,221.42872367303787,382.59584305417013,632.5827932631853,1852.4461660589966,72.78510064444575,192.8385320920812,192.8385320920812
4038178696157392512,4551.693353086416,4867.815429733846,4180.965196147627,196845.6806211555,6.945153201787495,4608.139661208628,4608.139661208628
4038178760554506624,60.953178215148924,221.4865572453786,176.99523680761203,11921.16278024976,263.3716300462438,6635.30146645001,6635.30146645001
4038178764876903552,1370.120153220314,164668.71187011042,1246.2085308950411,144699.70675399964,11918.559940387348,11511.19533101532,11918.559940387348
4038178794877888000,621.248269852672,5711.967901796926,1547.3744076909277,1897.6249282214371,819.4340135790653,22.63515014786702,819.4340135790653
4038179138499237760,235.54383963762282,995.1959826281752,357.5128979389406,185991.9750088043,322.50987508705583,51923.85035086756,51923.85035086756
4038179177173744000,971.1247598385884,109586.31649734598,1389.612185113497,184068.068819759,11184.473533097893,13146.002790679702,13146.002790679702
4038179211535302528,84.3245759592394,725.7302869588616,229.0755392065641,263.25172134323515,760.6391181968864,14.91917568110727,760.6391181968864
4038179383332527872,609.8467244108447,1771.7523767066807,793.4275345454142,5411.935420280821,190.5242097378353,582.0957409023536,582.0957409023536
4038179555150915456,3451.344612551487,4275.520619673292,3913.365330563814,8748.085375241624,23.879852626843693,123.54379507883186,123.54379507883186
4038179623855339136,806.7906958787098,1818.6510751774067,2461.242892683667,9099.068635599233,125.41795343792816,269.6940542783193,269.6940542783193
4038179933108143872,367.17112434121634,2537.2880317714084,527.0396877197566,120863.81562914484,591.0369208155589,22832.583341505753,22832.583341505753
4038180070547113856,5212.667824747813,13191.316848154165,6743.645571274675,12062.40787032891,153.06267906668992,78.87072715846914,153.06267906668992
4038180409787071232,1833.260889592469,6032.269358712179,3202.1261973520527,7668.450125066325,229.04587628295187,139.4799471491045,229.04587628295187
4038180547226023424,7094.126584761728,199025.08841296574,211704.74569159574,448154.27126523084,2705.4910782177767,111.68834444461943,2705.4910782177767
4038180719024724608,3219.6153350518525,7435.356186318248,8414.379338817153,8965.36286183789,130.9392710790558,6.548118415329151,130.9392710790558
4038181028282267776,251.46221345596175,648.3420804478762,411.78101820015695,4590.171364859225,157.82882904648397,1014.7117428875879,1014.7117428875879
4038181200056357376,2233.373659703519,156547.247741686,3411.373244963225,160347.79755737248,6909.451690339523,4600.38855449548,6909.451690339523
4038181582314990080,272.0498398056918,457.507802953136,495.92302083421833,3694.2723850761085,68.17058347834543,644.9285937284737,644.9285937284737
4038181715477259392,102.61721436853166,278.0096874678591,220.5348098229989,416.2814973416013,170.9191524819961,88.75999561053811,170.9191524819961
4038181788467216896,1168.5879561399572,2278.2975853138905,1877.5622269335076,5845.056826427888,94.96158362263898,211.3109511142123,211.3109511142123
4038181818556496384,160.50956996115113,216.02389222524096,332.1331862470168,5272.423267636447,34.586300541161634,1487.4424736693422,1487.4424736693422
4038182574445933056,18338.67528485478,38029.20512177683,187412.24660632858,254798.1197834315,107.37160417025169,35.95596040137721,107.37160417025169
4038183059832563072,10384.917756907265,216720.83882638224,140833.29800374515,369907.62286773155,1986.8806465244838,162.65636615134488,1986.8806465244838
4038183158561494400,1067.3827748442375,1928.0840299867302,1643.9702398330976,468963.19443037437,80.63660716916613,28426.25814430712,28426.25814430712
4038183369015060096,774.657936997159,1440.5804165326176,792.0799885660575,7207.396511735293,85.9634230453771,809.9329128088701,809.9329128088701
4038183399080523264,665.1318692381003,807.2799676544299,1100.9872997839543,3404.3438454570573,21.371415953825572,209.2082757108178,209.2082757108178
4038184331088498944,68.43357338517993,216.1193591441238,138.0734085842066,15300.114409467937,215.80896401199317,10981.144853563083,10981.144853563083
4038184670414882816,97.04847227038293,283.97787011813693,238.86106043792338,178730.0808204798,192.61446726019278,74725.95969924919,74725.95969924919
4038184709100087296,3335.8218113173943,100344.95167256777,3077.555445910173,6067.745550443885,2908.1028708466656,97.16120983319527,2908.1028708466656
4038184880844329216,806.6485271306036,1122.7057296091716,336.9429185549319,1948.0229001528974,39.181526011439125,478.1462653993455,478.1462653993455
4038185460663962240,8755.313181818745,24547.528428342095,10621.435279871708,448703.34054452623,180.372933766863,4124.507599221053,4124.507599221053
4038186044779552512,1654.4066181742423,1831.2891422552636,2465.077978949076,170100.63780311708,10.691599159354427,6800.416102683908,6800.416102683908
4038186044804196864,57.219883483118444,139.85988765082405,129.37841306755365,843.5834368301176,144.42532759104068,552.0279672851211,552.0279672851211
4038186289594680064,194.38509144544705,764.4015335463495,364.13161957057014,891.8713338028494,293.24082308075253,144.93103204128673,293.24082308075253
4038186903773059072,1087.1143059417284,140126.2688217582,2403.6471106787476,144311.07701193343,12789.745637223657,5903.837933230662,12789.745637223657
4038186972492101120,123907.19240961937,134196.66131945766,134091.02149653362,291235.1481865166,8.304174043281353,117.19213183415513,117.19213183415513
4038187079922196480,1389.9268096060684,416966.7164698244,147488.22769084567,1964228.001808559,29899.18510730796,1231.7862941073738,29899.18510730796
4038187251667874176,144.31379169156486,289.5015723668955,267.6629022510186,1274.0490474250169,100.60561708865201,375.990149068246,375.990149068246
4038187286027958144,271.6041152819545,1490.7088629820898,383.64102069093093,31363.66036996934,448.85356263272104,8075.262466324358,8075.262466324358
4038187835782896896,83.83328811619371,191.6989398925005,114.74429231255598,691.7813133665533,128.66685084188038,502.8895201882338,502.8895201882338
4038187938915555200,1317.5089263687141,2957.757518810853,1451.0922457556853,1903.186697149071,124.49620337396514,31.155459118172637,124.49620337396514
4038188213739880832,38.353066497060816,147.46950876185394,120.8610174296447,553.5319226362479,284.5051314818732,357.99045416647147,357.99045416647147
4038188832216276096,638.6878924183624,960.2545941883635,940.3244064866556,4912.295995757955,50.34801905393941,422.40439170475435,422.40439170475435
4038188935348108416,1086.8212544352766,1743.4588597969955,1897.318017254459,158468.40744745967,60.418178489057475,8252.232256602592,8252.232256602592
4038189038374054528,635.8043458436435,237226.2866435042,620.0011365068231,191673.39186976085,37211.20873807973,30815.006535258424,37211.20873807973
4038189416331543296,465.54507912412294,692.0994907020207,612.5190286217689,2187.891536087709,48.66433386088787,257.1956843546054,257.1956843546054
4038189485051189632,157.09299590403492,464.41531060231557,337.7771986090038,464.52123406186774,195.63081913977751,37.522969571305296,195.63081913977751
4038189858735427968,21.054613000817877,413.5046639925994,130.3854041840667,4012.335458250822,1863.9623106657748,2977.288814157878,2977.288814157878
4038189931780815616,7257.872467555906,14617.591922263273,37924.84958487655,56601.77318318912,101.4032622866651,49.247192283553424,101.4032622866651
4038190893798426112,25.778051412221945,64658.75417010459,185.67586630010916,109931.39407551673,250728.71135654746,59106.07576314408,250728.71135654746
4038191095661257216,3086.5442533389337,75375.64238154584,5567.144597483851,85901.49565855722,2342.0723046496632,1443.008164317873,2342.0723046496632
4038191134317113856,3090.423045705406,189824.34436462272,1900.663797059881,132356.0406960229,6042.341729829234,6863.674527855121,6863.674527855121
4038191508002917248,254.1099316966366,2129.4309752835775,428.5362199880713,2046.0947719585529,737.9959653941233,377.4613385107816,737.9959653941233
4038191679776876800,623.9343173376608,1038.2212756825613,1780.8236490353297,12788.342615113923,66.39912997776283,618.1139256568922,618.1139256568922
4038191752846889600,6300.65505160153,16715.725990759387,7358.554082934791,12502.582508326075,165.30139888408118,69.9054239109391,165.30139888408118
4038192577425194880,570.4933928545391,158100.88204840553,568.5430393012043,108426.87543099067,27613.008428954254,18971.00569980736,27613.008428954254
4038192641849598464,958.6143183390601,8891.320266698187,1032.8656063123349,2490.9495551963482,827.5179909792816,141.16879678953063,827.5179909792816
4038193054191255680,321.8072000802212,4495.437593917599,166.6161983901512,1216.983298990941,1296.9350570145605,630.4111549473919,1296.9350570145605
4038193402059216000,942.9621482606411,2041.5430641912353,1973.3303018969898,5281.4659163383885,116.50318286444504,167.64226502077437,167.64226502077437
4038193466483356544,2435.1969605879553,3350.7587895987253,4243.747636144914,12078.853781517646,37.597033990618826,184.62705177469653,184.62705177469653
4038193466484116864,227.10092429890022,964.9640028093896,671.7750912159833,21106.191113120694,324.90536125663084,3041.8537824789364,3041.8537824789364
4038193539553378816,184.86701880977674,977.7437676076595,450.0845005499917,114922.47267704517,428.8903201353249,25433.532600347906,25433.532600347906
4038193569568066944,1042.2782772899639,51786.98171441291,1552.2591421582279,92173.86058205797,4868.632930647337,5838.045915059093,5838.045915059093
4038193844440586112,747.1312051576979,133433.24067002063,1285.5451183363039,95008.2867440163,17759.41207499916,7290.505816471992,17759.41207499916
4038194158028752512,1407.6153939243893,157125.8936884465,36699.642193446365,205603.3702990265,11062.558634030298,460.2326290138657,11062.558634030298
4038194291116957056,2488.9269504238705,171972.28760151746,4773.551596180609,6010.255500467929,6809.495177117598,25.907416718336634,6809.495177117598
4038195566778134400,156.12848206947842,96260.35702555164,308.11167547296833,1044.7269678656812,61554.57817153119,239.07412507558115,61554.57817153119
4038195704163711872,123.72110682618046,2017.937008859855,207.03456381914216,4371.607163026516,1531.0369836045163,2011.5349448826298,2011.5349448826298
4038195974744332160,23558.31285578707,215733.981759151,277313.65776930744,547479.7309546995,815.7446166869978,97.42256308563736,815.7446166869978
4038196047814463104,916.7796308592589,103827.04232346044,2497.0488933939023,45973.70189350238,11225.19079052266,1741.1214139670494,11225.19079052266
4038196391411746048,687.0592725555507,1681.6974976970007,770.6457438401233,1162.3628719408678,144.7674552796361,50.82972704797153,144.7674552796361
4038196425784236160,854.2952493869078,120602.61950134348,1882.7137834693517,144502.53705249852,14017.205917731013,7575.2259595305,14017.205917731013
4038196597524503040,11.2356939804017,81.00160136327379,122.7627642246108,213.1542232318399,620.931003501555,73.6310065826197,620.931003501555
4038196661963958400,47.86833098767563,272.1368227429067,217.21616539057584,2543.441781260417,468.51119963420524,1070.926563723773,1070.926563723773
4038196666289702016,29135.96573838034,202757.99998698806,27066.264633812494,135128.04641532138,595.9027952174525,399.2489663553827,595.9027952174525
4038197078606570368,175.86020870950853,541.1765709324945,403.2699248034255,73894.84485205915,207.7311092166547,18223.916639228504,18223.916639228504
4038197177335291776,3993.2315996507305,8217.12643531616,104848.18145521473,145401.28117814442,105.776355071288,38.67792379427363,105.776355071288
4038197594002697216,3567.1566446111115,190774.99228827338,4548.062459895851,200391.93162580617,5248.096854016107,4306.094537901203,5248.096854016107
4038198105073093120,260.0027668499689,421.07290692135615,531.8021961965002,2722.044929024679,61.94939462483897,411.85289351811684,411.85289351811684
4038198311207490048,401.7366889915526,961.4686237904565,607.9423514540495,5180.6299313712725,139.32805992998897,752.1580901512244,752.1580901512244
4038198452943327232,662.624950670229,865.95049150796,1119.1175985909242,23708.90774089385,30.6848603621207,2018.5358688618269,2018.5358688618269
4038198796540839168,36.8518429865609,150974.2662321105,58.39076821706613,241.64500179683895,409579.0119483785,313.84110737938926,409579.0119483785
4038199067146686720,28646.121191639337,207539.27563470195,39795.131295143314,216258.79105990147,624.4934636919514,443.4302740604205,624.4934636919514
4038199071418452608,27.67384057058794,200.24366673583972,61.43147328118285,470.06398463084105,623.5846655438959,665.1842932030524,665.1842932030524
4038199238945338624,163.00917513459575,510.2678536858586,310.2686450886569,415.49723840791484,213.03014279075597,33.915316608672995,213.03014279075597
4038199719961103488,919.4196332397152,1679.6499577841892,1383.2803974178496,3072.577947895504,82.68589195400217,122.12256847064724,122.12256847064724
4038200377141989376,8294.04954330083,161142.847274532,23420.44088884209,27107.012813520098,1842.872976984908,15.740830593989175,1842.872976984908
4038200480221223808,2237.3150303625184,5017.647113778743,61917.21025228279,86496.00531405438,124.27092500092488,39.69622494557626,124.27092500092488
4038200686379493504,49157.326430216526,110967.97452687638,1069695.1591149112,1885132.7793056082,125.74045942959474,76.23084139834826,125.74045942959474
4038200888212877952,108.80402950492734,283.6297346030996,240.46246708032297,461.22924342032786,160.67943980903303,91.80924533484928,160.67943980903303
4038200922547259264,358.4106572806217,1082.8911637794636,499.7864599023099,7663.922144942561,202.13698777701285,1433.4393305574106,1433.4393305574106
4038201059984825088,60142.425094729246,210922.69236991013,335560.4570448404,372933.4188917032,250.70533327794752,11.137474950413695,250.70533327794752
4038202365656392192,78.95624900009443,293.73654453653614,698.0677078305629,822.7846970784925,272.0244417084515,17.866030450759844,272.0244417084515
4038202434375144704,20820.970357423936,172779.52222121498,138736.59336670383,260684.47484157272,729.8341492024103,87.89885819997065,729.8341492024103
4038202507445773824,5970.370484915332,123942.66095931712,5333.789028114896,104309.27592056878,1975.9626437332354,1855.6318289070853,1975.9626437332354
4038203091513229440,53.321111912475224,138844.82872358098,59.55903953007397,170402.1549833874,260293.72350578514,286006.28433211026,286006.28433211026
4038203121570508416,493.92869539327245,832.0645926641085,920.9494025748415,2024.5233957916807,68.45844358194412,119.83003519318278,119.83003519318278
4038203568272311552,215.19133044756126,577.3518149209349,422.7061588401931,970.0976544702373,168.29696796805968,129.49692929290612,168.29696796805968
4038203710036686080,3005.580195511213,7377.427653030808,5410.548319761777,17316.10987114267,145.45768780513265,220.04353066945885,220.04353066945885
4038203813115927040,1833.7626457890126,9249.44087108636,86211.6117044155,121306.34667032078,404.39684177919366,40.70766602326243,404.39684177919366
4038203843142929408,254.79840497463817,3457.457065587138,348.0026092377783,3276.9167605705024,1256.9382688762444,841.6356870851783,1256.9382688762444
4038203847424461824,163.53329148270862,117448.44296476939,381.95879826258425,2547.6575575122306,71719.2863972214,566.9980032141578,71719.2863972214
4038203916195177856,235.89612418015807,419.49543095187045,367.3807531840472,1832.7981909439704,77.83057369416308,398.8824741250915,398.8824741250915
4038203984914630912,58.71858785699303,287.5347022209262,212.66023141518997,3021.640449606818,389.6825906665304,1320.8770626734995,1320.8770626734995
4038204118001592448,1079.2635644116983,137580.8142713133,2324.88172491111,87098.46968506146,12647.656717783111,3646.361320311535,12647.656717783111
4038204431540053376,5736.956841806626,162975.33543889885,6055.245495681693,8110.147247468325,2740.797655148061,33.93589497324408,2740.797655148061
4038204495985571072,372.82174147923627,110092.85592850624,477.46852828158484,2185.2762400784623,29429.623323922402,357.6796397331775,29429.623323922402
4038204805215694848,892.4392537695823,2511.8541665101443,894.1205206864643,3708.7077279675796,181.45939971827784,314.7883470027291,314.7883470027291
4038204839556143616,3619.2009632929758,116835.18279747934,7969.621078383545,157122.2964092263,3128.2037936676325,1871.5152685916023,3128.2037936676325
4038204946987227264,586.5976882456071,807.1464140377807,1010.3843271281581,42900.956363913465,37.59795345457113,4146.003744520858,4146.003744520858
4038205324893107072,108.59893540346782,983.5811179602132,197.9968850155429,81438.56266119095,805.7005156689639,41031.2342892657,41031.2342892657
4038205668489872000,1107.8114203348766,208604.89830595272,81169.20785051485,310806.1687449126,18730.361781510994,282.9114229096683,18730.361781510994
4038206836772950656,4575.436252184818,9367.028855926887,61178.622284314886,74022.05732323203,104.72427850905002,20.993338129175186,104.72427850905002
4038207210397983104,64.79623634317991,404.37188905456327,206.4014402751061,182585.1742521507,524.0669394945886,88361.19194167858,88361.19194167858
4038207283395954176,603.7727633998841,1196.7809778124495,536.8102736687916,1549.2775538812443,98.21711914815388,188.60802966620162,188.60802966620162
4038207764486220032,3538.9278318375523,8896.58441603945,115884.21480042681,251897.41005826075,151.39208367015468,117.36990710259616,151.39208367015468
4038207833205671168,2719.493044249784,8272.558894686365,3546.920105321849,7226.4251956601165,204.1948907417957,103.73803133646811,204.1948907417957
4038207970644662400,10723.800711970018,11069.532159162221,11209.7981966947,23579.597829788192,3.223963746419631,110.34810275836034,110.34810275836034
4038208035037365504,179.1566110608404,175431.11606654382,330.8963538061739,183095.6177571365,97820.53724825627,55233.22312290776,97820.53724825627
4038208309891159040,750.8119094292838,200890.8905900683,738.9185537564276,150095.98482564,26656.486953273277,20212.92678504276,26656.486953273277
4038208520347743872,452.5610586336913,51360.07028647826,674.5735883093759,2277.030677268902,11248.760417331832,237.5511162504335,11248.760417331832
4038208859672780288,207.5864945809546,847.5766391947822,228.27219714521397,161837.7371311188,308.30047296947066,70796.82368464992,70796.82368464992
4038208997085322624,2028.8173030715275,4453.910694313715,71934.29607093925,117843.91102525538,119.53236930554161,63.821594791226666,119.53236930554161
4038209001436871808,5065.216075813665,163033.87044643098,10279.485373814225,169626.35880902,3118.695273927511,1550.144463857336,3118.695273927511
4038210272697313024,271.455042706155,105288.0446202221,265.31191641280617,90145.22681374184,38686.54954079982,33877.07424248611,38686.54954079982
4038210444545869056,9135.992880999482,111780.66654561683,92333.63389360895,244204.60993122158,1123.519632749407,164.48066607299933,1123.519632749407
4038211264855831936,113.72684085770209,830.1803118548779,147.88184296718777,4288.674904136594,629.9774667034148,2800.0686075356602,2800.0686075356602
4038211299191535232,593.2562331701794,148468.60195333735,675.0619788511389,1334.0431594766667,24926.050069455934,97.61787824979,24926.050069455934
4038211440928591488,37.963931215531254,118.07537663021895,119.60727646434262,305.393710555289,211.019888746173,155.33037753462523,211.019888746173
4038211818883551104,152.22562051035027,385.35319693178144,532.2141622753538,816.1676946042861,153.14608384570857,53.353246203550306,153.14608384570857
4038212299919735936,770.4668843332953,1075.8983042472175,761.7615284759403,44009.14221803746,39.6423812787515,5677.286010503412,5677.286010503412
4038212540438211584,81.01392034253048,197.04194208854653,98.77298359360331,2498.502438732836,143.21985808789944,2429.5403133844816,2429.5403133844816
4038212746597249024,58.20902958156017,226.84965293009842,112.54447103512402,21466.147816363686,289.7155725852562,18973.480570773052,18973.480570773052
4038212849676347008,1382.2844596400691,2720.311378751334,1261.9964700823884,3342.343980550506,96.79823207009586,164.8457471780649,164.8457471780649
4038212948480567808,36.91491635776204,165.2886195821944,99.11963443359636,232.67292293877665,347.7556388867164,134.7394885668714,347.7556388867164
4038213262044549376,1420.1151979772646,1974.5965751215422,2335.306495252557,5013.662541202797,39.04481678205055,114.68970139016305,114.68970139016305
4038213429493278336,1148.6182069941597,2520.57613013524,60951.156467972694,87710.88731485039,119.44420824839462,43.903565408047385,119.44420824839462
4038213571282212864,2954.5086506754246,46542.34129649976,3600.425068723106,165540.21243942808,1475.298866898217,4497.796351255189,4497.796351255189
4038214017958746240,21366.5662609048,135090.225137608,20266.86648103877,34158.92308589679,532.2505146032173,68.54565612229754,532.2505146032173
4038214017958746624,7000.242235436411,113179.5587825072,16938.76232522305,191143.2694029726,1516.7948904621203,1028.4370471291538,1516.7948904621203
4038214258427389696,318.53437232341514,1639.4556511677836,663.149423030543,7334.578906079907,414.68720289413767,1006.0220594872018,1006.0220594872018
4038214563363872256,21578.471485087382,29747.82377617206,148038.7369253951,337019.06606272934,37.85880893709462,127.65599941086494,127.65599941086494
4038214636384518784,467.6845967494092,20140.76997311347,62275.73884034378,464698.06056409044,4206.485634356936,646.1943755584116,4206.485634356936
4038215044426462720,179.83319374568902,928.7205841662523,266.121227007606,2271.6218145491525,416.434460636673,753.6041412751442,753.6041412751442
4038215186189930752,1093.2808140105083,3808.388384915701,1505.3572951486783,2142.1253042109706,248.34493902305837,42.30012443653128,248.34493902305837
4038215697261881088,150.726294573932,1568.8950891514992,377.80260003989946,545.7363829157537,940.8901071882641,44.45013953268687,940.8901071882641
4038215800315480960,751.2086853194342,1583.9698910620311,1593.6410968029957,1968.0530950314514,110.85617379257064,23.49412292263069,110.85617379257064
4038215800317501056,538.1621510719107,174055.12169413615,875.5795006675171,126693.1716018517,32242.50519986465,14369.636567012407,32242.50519986465
4038216010779312128,83.41247278756275,508.4767974752225,150.04897814132067,118491.71648473426,509.5932424521518,78868.6927245417,78868.6927245417
4038216216937820032,390.9871814996648,131861.95461537343,365.3367252449671,198563.18242118732,33625.39071731344,54250.7314486508,54250.7314486508
4038216423140962048,763.7157660870199,1241.4030663011217,1547.3357450344922,6713.770275969874,62.547785632550735,333.8922756431388,333.8922756431388
4038216624947121792,1322.9620898058163,4316.141227060815,1797.8733298301302,3544.333645547216,226.24829239773123,97.14034280057416,226.24829239773123
4038216659307634432,565.5939769732785,874.1522794081907,1245.7170141266733,2786.3024365550114,54.554736259062054,123.67057726255639,123.67057726255639
4038216796745854720,1063.6287175678585,3383.372911583595,1403.625934002605,4430.903671412453,218.09717580023303,215.67553463316318,218.09717580023303
4038216801098066944,3003.22313392708,111158.81736668845,111258.80335730244,132763.20557122704,3601.317298436455,19.32827027166939,3601.317298436455
4038217144650901120,34.3092024770241,401.77424303494956,133.06551923358035,561.9199914753522,1071.0392956642065,322.28820412068575,1071.0392956642065
4038217380860540672,62454.9719643101,67377.04134028473,63585.701509758605,193305.41332902355,7.880988848713842,204.0076758441623,204.0076758441623
4038217591333143168,27.436628358122153,66555.95801738047,64.39383129571111,102404.74667153724,242480.6740851877,158928.8147342427,242480.6740851877
4038217591372080256,5773.6760057813,76904.66274926618,11675.059726154166,95612.74693577102,1231.9878474694453,718.9486750254632,1231.9878474694453
4038217793178559872,1326.8415782814163,117010.5673574102,1542.0930247577721,86203.99907449345,8718.729324790036,5490.064781470244,8718.729324790036
4038217934925055616,15.221941529752998,121451.8557301393,158.43769526805787,682.1431274043872,797773.6187676714,330.54345511040265,797773.6187676714
4038218308573473024,45029.29574808244,235372.49870056653,268902.33891357074,500225.14760320424,422.70970440524775,86.02484070024549,422.70970440524775
4038219064519253248,27.745319827735884,178.4975399181317,113.23530729630285,236.80066684384877,543.3428809845432,109.12264248483243,543.3428809845432
4038219206245498368,49.58680955080348,191.8268453840844,115.61211937225401,237.2428343105824,286.8505498171865,105.20585177294033,286.8505498171865
4038219270650766848,370.6909181422732,590.9301265625328,899.6914194880426,2213.070648944095,59.413165427411585,145.98107762363824,145.98107762363824
4038219923483814272,34819.424485996344,186384.8423890707,40685.20433813573,42001.253266211796,435.28984220870984,3.234711363714317,435.28984220870984
4038220133994188800,3206.247705449643,11590.678522498878,4643.018466029847,10912.14022197635,261.50290268584865,135.0225462554988,261.50290268584865
4038220614984764160,192.36407869918386,538.166886000244,413.3666152036766,3243.6366235107903,179.76475111126203,684.6876124508906,684.6876124508906
4038220718108346880,40561.0944637755,42834.72186391412,65198.77089296742,132641.98314790157,5.605438980866656,103.4424596219019,103.4424596219019
4038220821187563648,1036.9570267304498,3605.7146678890263,2197.7261020633687,4497.373615544336,247.72074203093356,104.63758478920136,247.72074203093356
4038221027301570304,150.337889823647,74303.60675501337,221.79726111085526,380.1619785553436,49324.40448124874,71.40066412512503,49324.40448124874
4038221194815570304,153.3104004189437,367.28170979469735,243.4560289990849,558.6278542210581,139.56738015884437,129.4573917588863,139.56738015884437
4038221297873269376,5170.184392371644,16595.422852531097,6647.688506673825,38400.196921969924,220.98319118012188,477.6473564219916,477.6473564219916
4038221955014838400,501.5890809857128,1849.2336255383761,721.8403243230003,3852.993630913502,268.67501619140097,433.7736755739086,433.7736755739086
4038222058138164864,2642.6274787029993,116288.9856528098,2345.9407927569137,2803.199636680871,4300.5061852260915,19.49149123182235,4300.5061852260915
4038222710974543488,12821.904935045617,76314.70705345747,14001.380693679816,14999.759342865178,495.1900863409885,7.130572841548605,495.1900863409885
4038222844061579136,2672.661729723085,115227.51598258155,6320.952520510405,169677.7781644223,4211.339317696606,2584.3703953454337,4211.339317696606
4038223531258563200,738.0702327410581,3219.860299851185,851.530886114586,5793.138662448038,336.2539169061475,580.320438978004,580.320438978004
4038224355890289536,1798.0465256702425,3315.4219552913482,2773.137331762643,189963.4494598244,84.39022060652665,6750.127733814073,6750.127733814073
4038224669436622848,183.93027467052994,795.7115684010241,555.703157595689,1929.8969133276196,332.61587567699985,247.2891753355391,332.61587567699985
4038224875593414400,1.5660629721307833,166.00604311081037,423.9840608805857,780.8724625660335,10500.215065741753,84.17495717745031,10500.215065741753
4038224905674834816,0.6972385503858014,64761.55876213688,249.01891947422268,90779.87987505326,9288192.89865033,36355.01316394973,9288192.89865033
4038225421044083200,533.2465973164456,727.4078998414665,1166.3614625836362,4506.105959148503,36.41116577248395,286.3387212028521,286.3387212028521
4038225872069350272,26206.883690573253,27497.53689693933,42559.26661455737,111978.82037763398,4.924863335927012,163.11266449157208,163.11266449157208
4038225902078355712,16036.91872660553,32578.05749811954,331624.98638938693,500657.3439435997,103.14412047291832,50.97093539138171,103.14412047291832
4038226284343218304,153.80902505667015,1919.5517153003611,288.382161101646,200353.45875111772,1148.0098060520909,69374.9834683773,69374.9834683773
4038226348755107072,1518.6312925024686,1824.3044008288682,2050.064976699044,9429.211832407149,20.12819766295595,359.9469743437008,359.9469743437008
4038226524861245440,64.70245898723252,1075.1825035180125,62.12765040787905,124750.19034590397,1561.733603865309,200696.56888180517,200696.56888180517
4038227280818606208,3306.0539038985617,115034.19140064706,5905.030510151361,180914.25386702025,3379.5013857758504,2963.731060423987,3379.5013857758504
4038227452617295616,2918.5480344060015,7967.503722177655,58497.98273449105,68905.86088971523,172.99546309503327,17.79185822947631,172.99546309503327
4038227693092091776,59.56694456548211,216.85088131125542,184.1146614094757,1665.038027838538,264.04566810182894,804.3484180412177,804.3484180412177
4038227757533298944,232.63085357926866,597.2820872612054,425.4383769922825,1516.021772201296,156.75101908082988,256.3434457697729,256.3434457697729
4038228552129009792,8121.453055498335,193593.92847116324,10440.878784358027,14305.044413983687,2283.735116711627,37.00996543906581,2283.735116711627
4038229617280960000,65211.62311133063,224466.01772289167,66189.53013779511,233265.21995513176,244.2116711919264,252.4201176069902,252.4201176069902
4038229750369323520,3419.5730299545085,50003.890354259376,3676.502988982793,196095.3457082516,1362.284616127195,5233.746396939741,5233.746396939741
4038229922189748096,4.636897506777139,682.5770049401393,174.02884527189457,369.36022504025715,14620.554076136188,112.2408066681049,14620.554076136188
4038230063957568384,2038.4859171566686,4790.5804402778385,28814.5611553149,37334.884821950815,135.0067959733497,29.569506961116172,135.0067959733497
4038230098274763904,105.87949721900186,697.490218784186,279.9756243054619,95119.85038001303,558.7585293699426,33874.332806999795,33874.332806999795
4038230712442114944,11768.943534655116,69153.85547004432,339996.91239134205,492720.6442761473,487.59611911139007,44.91915259189699,487.59611911139007
4038231197786830208,2.5121609307496597,163.8657903337167,175.1136121351106,242.910960569326,6422.901790563916,38.71620692850862,6422.901790563916
4038231605799239808,861.612980671121,171355.62412487142,970.0263963576537,150778.51139480047,19787.771884704016,15443.753444334896,19787.771884704016
4038232262980828160,2320.140805856525,107717.91531810076,5188.128878459152,184630.37871427738,4542.731813784664,3458.708409901946,4542.731813784664
4038232327352042752,296.9687777447742,441.56589027503077,464.9087515158481,2851.247918627699,48.69101513914996,513.2919437053238,513.2919437053238
4038232533507012480,53379.27246134674,234516.5988430349,258900.2236911794,401814.9213883286,339.3401933547412,55.200685290878816,339.3401933547412
4038232675255426688,168.7750458482933,123797.72399008581,314.7925929426083,99050.5278064155,73250.72751297831,31365.329879751647,73250.72751297831
4038232675255473664,92.90780593658688,325.30765135133316,216.83516954730277,668.3156103091351,250.1402794651808,208.2136591146214,250.1402794651808
4038232705310859904,190.97430833380818,97267.85738701,401.44981530264573,529.6264616529071,50832.4307733548,31.92843575071303,50832.4307733548
4038233534290804480,1445.9647955916034,1699.6891311382406,2595.057421266304,14029.117448471929,17.54706174868027,440.6091338674955,440.6091338674955
4038233568650548608,13028.096217295955,15222.644253354576,75172.04530316763,220746.34679723126,16.84473310187227,193.6548365911355,193.6548365911355
4038233843484511488,529.1821213250582,1216.7829967417997,898.8719260421252,3160.3543358040524,129.93652803216534,251.5911715832077,251.5911715832077
4038233980967425152,1714.599593203454,2109.7125497774146,3856.097024987719,81821.83793018895,23.044036528420918,2021.8822399949736,2021.8822399949736
4038234084002552448,120.1787983559667,291.33293458589003,203.01949976747628,3786.5930406785733,142.41624859899903,1765.1376074788188,1765.1376074788188
4038234114055006848,41640.29046257989,78208.62953799362,185530.34900790628,471288.50398394,87.81960612949115,154.0223238430152,154.0223238430152
4038234182777370112,331.105364863866,155911.49575073773,1460.6251578403658,2275.5641801100564,46988.18167740675,55.793850865518,46988.18167740675
4038234427600106624,73.89877727150359,295.2006652676612,153.61711528044867,185514.8620848938,299.46623769307575,120664.44850966736,120664.44850966736
4038234633802472064,12882.809779987978,29413.727138029702,16187.18275269934,27240.681244500778,128.3176390892667,68.28549884604335,128.3176390892667
4038235424077529088,774.068036180127,3763.734908476309,1823.5102430190097,2929.9851654866698,386.22791958308966,60.67829488228025,386.22791958308966
4038235625886581248,1796.5790413237228,5389.329176350244,1638.023264140519,6270.909360288628,199.97729308805563,282.83396198154816,282.83396198154816
4038235832042889728,3375.716927370936,3976.0251123853336,6862.539051101476,158493.38102624172,17.783131640777935,2209.5443223860802,2209.5443223860802
4038235870716921728,704.5727044805177,2771.7672580568506,1428.1668217899824,4399.337181534205,293.3969114089479,208.0408474984966,293.3969114089479
4038236042552800512,1166.2006903466931,115843.23909007153,1777.908622085566,176087.81614980925,9833.387970781696,9804.210709279896,9833.387970781696
4038236106922902272,219.05227481006912,2811.769611044234,551.3610751240479,1409.037307556683,1183.6066703631354,155.5561810814575,1183.6066703631354
4038236317393229184,266.78873528052605,463.2589973297103,354.3462822323648,4641.242400232988,73.64263781324856,1209.804175450461,1209.804175450461
4038237210746641408,129.1132325102363,642.9489143094755,170.76156719574243,368.54908674639734,397.97290472028226,115.82671838794549,397.97290472028226
4038237279465921664,428.6316944851422,822.7933045144173,701.6896235590766,5782.878535357186,91.95811114778355,724.1362478791613,724.1362478791613
4038237790548317952,5722.811610950846,12956.498406454028,236740.7425579266,370531.68974432326,126.40092470738003,56.513697532928965,126.40092470738003
4038237928007368704,167.67038856728703,496.8123293342411,314.9117020249422,582.647073043801,196.30296296168456,85.01918769523947,196.30296296168456
4038237996706373248,3343.41286477549,161404.24061251013,95539.57073206175,243282.1112563421,4727.5294479178365,154.64015526992523,4727.5294479178365
4038238241585219840,6904.203745147832,14321.81582726461,159950.32225674737,224979.8814590314,107.43617013518411,40.65609764630581,107.43617013518411
4038238413373751040,290.23935438831296,600.7404184754149,685.4919929399888,5073.139196993154,106.98103458143748,640.0727140859952,640.0727140859952
4038238550773724544,2.9687372601754487,105.99510030146583,156.3611674433366,1833.316706148626,3470.3765949029,1072.488499622515,3470.3765949029
4038238756981296384,273.192513548758,1105.9285909970763,401.94799115254654,4833.88495109239,304.8165803048977,1102.6145316043744,1102.6145316043744
4038238958779325568,5404.084060107399,143105.8097310054,7832.641271751018,213276.25621319792,2548.104806277965,2622.91617621241,2622.91617621241
4038239130577892224,6608.567599391582,146599.4495798036,147126.1180038795,303683.7929173844,2118.3241281106098,106.4105252266472,2118.3241281106098
4038239444165922432,2214.7668122024147,131836.07851243476,2230.1543423280855,77921.1726463634,5852.594096411168,3393.981163878574,5852.594096411168
4038239925163305600,60.13652331622155,128878.95756828407,74.0855525253513,95018.82331227281,214210.6226653438,128155.53710996264,214210.6226653438
4038240023933317888,850.4364821338265,112362.63220715483,1890.7493237376402,15822.506500203148,13112.34854897408,736.8378770023918,13112.34854897408
4038240298812994688,1065.051845761274,144591.6730507106,1532.2845311749334,3383.4922309322005,13476.022014905751,120.81357359509386,13476.022014905751
4038240470607877632,1351.238632145693,2121.766245902755,3502.7908729073984,10604.011650297742,57.02379989931953,202.7303665861206,202.7303665861206
4038241467040455424,379.28726851744034,7809.387866719415,38068.45750400217,267141.9339931254,1958.9638817155087,601.7408939278419,1958.9638817155087
4038241501403817600,2464.6842554179866,5330.38585041168,2763.7641568730637,7418.137880065768,116.27053602075685,168.4070513621063,168.4070513621063
4038241505751135232,18259.167614311402,189045.18602599512,15817.80058787372,16472.092410834823,935.3439434874506,4.136427307489873,935.3439434874506
4038241707562470400,1333.7340210332304,139445.15563783172,1347.430118573375,133099.58586636675,10355.244706872287,9778.032562259275,10355.244706872287
4038241814947788160,129.24023119845455,157704.631482907,298.799199756735,1305.6209000969147,121924.41145493153,336.95595609354905,121924.41145493153
4038242978872622208,769.9139520883887,5081.057647640205,1386.9952125439806,1755.717436502191,559.9513664946395,26.584246335062133,559.9513664946395
4038243597344209536,13198.973038584601,39627.22069569834,177141.50515563993,317246.29400425544,200.22957528480404,79.09201670467729,200.22957528480404
4038243666063719296,4184.03382258011,5105.9719510127225,54047.75273107275,228494.70568683682,22.03467198226648,322.7644890690752,322.7644890690752
4038244215819624832,14963.386803457242,21712.957749533576,192869.78739841984,537872.8229546079,45.107240992506235,178.87873482408094,178.87873482408094
4038245319681541376,34794.77124422076,200669.46814773875,35568.59357250933,177827.34711762852,476.7230562869958,399.9560827591165,476.7230562869958
4038245968168333952,442.44213721133167,672.7473231152073,523.3603598665364,1106.3817295090823,52.05317634424834,111.39960424041739,111.39960424041739
4038245968187169664,272.7951772128943,434.79877876383074,533.0953628677914,1357.1616658417652,59.38653432443414,154.581405199419,154.581405199419
4038246006876427520,50.10097161571146,169559.90418025377,178.24794132617365,135718.9467756084,338336.3590407506,76040.54095988578,338336.3590407506
4038247003268042880,70.9903144880812,128.6178120944101,97.71104866870232,222.51415791667435,81.17656334091066,127.72671151153814,127.72671151153814
4038247175107592064,2083.033572643611,119447.03935552115,84152.49866368045,112661.48533238204,5634.282967121312,33.8777661048891,5634.282967121312
4038247346865303552,144.04228314771595,942.9778798785251,248.86344534479173,401.4546671463481,554.6535220574764,61.31524121196122,554.6535220574764
4038247720513096704,2677.8884892440947,127519.50006138677,5014.399711676952,107164.78211841315,4661.942126178023,2037.140800101361,4661.942126178023
4038248274579044608,86.80443734839275,245.4896516832457,155.5268699946173,187702.09494135607,182.80772179648386,120587.88817511234,120587.88817511234
4038248373348104192,1931.1277457571418,5663.911693620664,2498.033010574697,5702.820309480738,193.29554743671298,128.2924318989983,193.29554743671298
4038248373376049536,92.53794059935468,360.5486981942551,290.97733048365444,552.3553703584784,289.62256546777894,89.82763002202563,289.62256546777894
4038248682587731712,562.0683875941442,1020.2189265275731,840.9596262214727,6625.7388734160495,81.51152938781682,687.878355490887,687.878355490887
4038249167931548288,67.26794940263214,113664.34307834643,128.7335390451217,730.1509411742837,168872.51081344666,467.1800422719386,168872.51081344666
4038249644679347072,287.7097456311169,138098.4320556907,564.3043191120975,169029.9982032776,47899.21940522367,29853.695635226966,47899.21940522367
4038249782101228928,136.5390000635614,2528.796242146499,709.8591758554712,3474.0491030341905,1752.0688162131685,389.3997600083871,1752.0688162131685
4038249850815131904,35511.65708228222,49023.53826186632,157495.64615438017,351366.504013229,38.04914298501031,123.09601096452722,123.09601096452722
4038249850817070976,6168.7576777945005,23960.58492139058,111536.83676018716,329005.1377222747,288.4183197476018,194.97442036092633,288.4183197476018
4038250095645046912,624.5971466140714,1475.844688781977,615.4014930444882,11012.95487788008,136.2874529258581,1689.5560869372052,1689.5560869372052
4038250297513933824,646.1074565761485,168943.71363034108,985.6741727676292,130814.30011153434,26047.928167492035,13171.556029943127,26047.928167492035
4038250679760575232,225.95472748606673,620.6104773728966,462.5534410241509,1180.0979236901176,174.66142632982348,155.12682838922,174.66142632982348
4038250748479967232,1090.0172146987372,1499.8259921954643,1022.999231382051,4327.532797473111,37.596541776635284,323.0240517020431,323.0240517020431
4038251092077832832,3.7253768261187497,129.2377187288881,152.48806294348458,444.76275702276376,3369.1180184189116,191.67054026229096,3369.1180184189116
4038251263883122560,257.56230278925085,1693.1532639109048,327.1183767124619,725.6410917091014,557.3761942547624,121.82828705675017,557.3761942547624
4038251401322321408,210.5034247256849,379.8054803426811,338.8230356548707,2271.043984743754,80.42722147519463,570.2743750448738,570.2743750448738
4038251641840860544,245.05909293595923,427.6354045261191,405.4829587167222,22131.424965736805,74.50297371249641,5358.040711693195,5358.040711693195
4038251676199993856,580.8259464873059,2926.7543470837177,935.8997892130196,1364.661585611966,403.89524861690774,45.8127890764335,403.89524861690774
4038251710594637312,18729.410214969594,151700.0034399352,170360.1557330009,408356.03863339766,709.9561155358114,139.7016114926537,709.9561155358114
4038251813673848320,367.08438530396086,555.2169781501856,710.9958580273975,1562.8965492961604,51.250502712187895,119.81795416253125,119.81795416253125
4038251912416950784,86.80858623812634,303.07994740322226,264.5743151768062,3350.014456146008,249.1359098647658,1166.1903533256072,1166.1903533256072
4038253497266197888,700.8980077162198,151661.61635795792,892.8185791250139,164313.64693761172,21538.186253678552,18303.923347859036,21538.186253678552
4038253497301034624,112.18884665840345,1074.0387878447925,227.69845883258992,420.44454286508494,857.3489877430184,84.64970954160351,857.3489877430184
4038253531660796416,548.1610466833858,1142.3982949092874,919.2232686450187,1575.8575506902685,108.40559573163706,71.43360100241605,108.40559573163706
4038253531660801664,6170.603409462119,118256.64882950849,11148.544800201928,140231.98570215877,1816.451941282947,1157.8501339441073,1816.451941282947
4038253634740044544,20497.226701871055,147105.79488852544,757120.5025759698,1239217.0823795001,617.6863340009658,63.6750131799735,617.6863340009658
4038253905263399296,1060.2492362953612,2291.315354895222,1552.4527147982346,2406.819432730179,116.1110120580095,55.03334882846866,116.1110120580095
4038254008367875072,73.863723203496,122.08318754232963,82.1215289986336,175.3918634360009,65.2816595854342,113.57598375807059,113.57598375807059
4038254111422630144,375.3351818640629,520.279317748941,543.8576105992747,2384.753833065236,38.61725276192555,338.48863867832694,338.48863867832694
4038254665511351040,583.2806379001671,1069.0702592142486,1234.1448191092043,2804.2050399570235,83.2857444167773,127.21847521760662,127.21847521760662
4038255107853527296,1416.9970806876252,1607.93613711995,1403.9974306714078,134565.98000728784,13.474908243259609,9484.489050164204,9484.489050164204
4038255352693679744,59.81614052120095,87367.31304967708,121.74317484279608,349.63568668663805,145959.76294761282,187.19120159147639,145959.76294761282
4038255558857327872,15.30213746264469,286.6125517256762,70.67985288063439,1738.1202177011746,1773.0229840461814,2359.1452116298947,2359.1452116298947
4038256108607885056,83.50729307508385,781.2064899569752,154.24111081263428,289.7977076332806,835.4949264785407,87.88616478865669,835.4949264785407
4038256280440041344,513.0132822443198,1186.6756018755755,1459.1017031218287,3527.4268219639516,131.31479104870965,141.75332085603264,141.75332085603264
4038256379163808384,15251.97797862733,53179.91309485297,174626.79609501568,351381.56484066864,248.6755171648834,101.21858311451778,248.6755171648834
4038256447909130496,588.7602322733006,74915.28536580339,747.2485188442271,2800.732381055046,12624.243462664432,274.806013049976,12624.243462664432
4038256486598500096,1406.7206694884126,126921.32294361676,2526.970794891038,171623.08662195771,8922.496483951907,6691.65295336775,8922.496483951907
4038256825841930496,331.25795122815083,688.8897594125317,641.9378040298269,3534.874248348593,107.96172797013566,450.6568122578351,450.6568122578351
4038257483031019136,3659.687041856393,171144.6891602565,4341.909473331569,190053.54126122198,4576.484278651394,4277.188018970672,4576.484278651394
4038257792235286528,175.42509723832458,351.0788932996625,487.8763673836123,645.1654480527086,100.13036836040779,32.23953673194042,100.13036836040779
4038258165871876608,687.5018947138507,2679.195940922728,1275.7414638097534,3344.217081863506,289.70015377744556,162.1390914015331,289.70015377744556
4038258440749805056,1238.8637203927426,192684.2185732509,1420.422652049307,132802.69251410427,15453.302223764083,9249.519477354426,15453.302223764083
4038258616902313856,1288.8555215384997,6799.622704631024,1473.529532633476,2663.6179139027013,427.57059197095674,80.76447433953442,427.57059197095674
4038258685588759680,0.1808904039208378,149660.89749622607,110.71255189915416,7146.150870554687,82735575.4434146,6354.688965225887,82735575.4434146
4038258926107576448,83.98282646752743,261.1745711938392,199.18384274525977,1654.3720932643025,210.98568859768517,730.5754475176545,730.5754475176545
4038259097938721920,4731.885487197614,8476.461605904224,6618.829162367204,18823.746828537045,79.13496911194859,184.39692832024673,184.39692832024673
4038259368462763520,1271.9274592964125,1584.5332991733023,3061.829005832997,7197.894462331361,24.57733242505928,135.08479567666487,135.08479567666487
4038259716414032128,1215.1773559060487,168873.63186775518,1491.372627219024,193525.62573307427,13797.035773995416,12876.342880447206,13797.035773995416
4038259888180785280,55.29391643655759,662.7236575930168,97.95366359069233,4493.660988935388,1098.5471464178236,4487.537437816038,4487.537437816038
4038259922547694080,6.597338586983789,182508.0354448287,19.899433758906834,144968.45993748563,2766288.79509546,728405.4524357955,2766288.79509546
4038260197415685120,846.6965040433751,2372.406379393434,47107.87393075319,91122.84350510691,180.19560350894028,93.43442168299525,180.19560350894028
4038260261842023424,208.70232683327117,112681.38556591117,371.8375590527339,2271.3087777624883,53891.43712275448,510.8336079735215,53891.43712275448
4038260678451802496,368.84035583027446,1473.4545733164641,553.8131475872722,10641.2589308696,299.48301481264406,1821.452926357749,1821.452926357749
4038260850250943744,78.57031247733788,393.336427036092,151.5707402455173,146954.57404708324,400.6171092288101,96854.44767838654,96854.44767838654
4038261361353627392,165.6724398083908,368.8931260913195,315.7223001299731,4932.1555819225905,122.66414771096778,1462.1815690219455,1462.1815690219455
4038261434401280640,371.48393397373763,151849.65534524003,694.2126518421105,208352.71273473703,40776.506749811466,29912.808349411087,40776.506749811466
4038261670567705728,485.5561865773028,1869.1320853439693,623.0747649361736,127318.46169973747,284.9466111264128,20333.89796291617,20333.89796291617
4038261842390429056,296.9127953822097,167985.6239549572,391.9760252511628,183174.63125502982,56477.42831147199,46631.080335247214,56477.42831147199
4038262155920365056,138.07867041132144,326.5848077849134,241.58118465919887,404.8783600978008,136.52082310182487,67.59515467604274,136.52082310182487
4038262323403216896,548.917681018934,696.3514565492218,984.9029347778655,112107.0496625531,26.8589955522315,11282.548036354226,11282.548036354226
4038262568243591680,158.9088465656253,819.3951426458502,384.76601730192823,3031.82775207881,415.6384684394905,687.9666123683986,687.9666123683986
4038263186718990592,198.83931805636945,125821.08690434023,387.7136898144317,1924.5618727973342,63177.770279151184,396.38739187116965,63177.770279151184
4038263358546797312,6787.9440796099225,117746.1767840894,69634.73544178222,100611.50278352975,1634.6368120176949,44.48464856687149,1634.6368120176949
4038263560351924096,3886.0496888019875,4680.536146134721,7357.737910843884,18965.884538346087,20.444577937902338,157.7678733350102,157.7678733350102
4038263835255451264,285.0208842469254,1073.8366254439256,494.2747957079377,751.0576937935917,276.75717282303305,51.951444887629805,276.75717282303305
4038264011352878464,159.95147542475027,360.0663857017352,417.05180216074297,12889.026808450395,125.10976203600555,2990.5097979849083,2990.5097979849083
4038264385010857088,155.45079520086364,548.1387680065344,374.29638406152424,12339.832862445312,252.61239242826923,3196.807927595949,3196.807927595949
4038264453706949120,365.6020773790373,2486.9630646974465,707.802487398236,1444.9096907078665,580.237673299403,104.14023918157078,580.237673299403
4038264625507435008,1225.104677725979,1516.9706192801027,2442.2552010016852,9112.693627903802,23.823755378673518,273.12618370783906,273.12618370783906
4038265042173844480,2358.905539127496,106675.04971952873,2310.5162461608734,101938.31092912266,4422.226428743956,4311.9279013295045,4422.226428743956
4038265076500029312,198.93791656008787,934.1693193801268,330.36249695285454,3940.239175033175,369.5783164583244,1092.70171746991,1092.70171746991
4038265110864853632,85.46632193462571,243.5012138288045,115.17571367240059,319.00680225392284,184.9089656801444,176.97401829112002,184.9089656801444
4038265209618384128,702.2257034286611,1575.5812584312932,1546.395229077733,4541.446405648326,124.36963653401163,193.6795406667696,193.6795406667696
4038265248299143680,608.354240850299,814.7544196530084,1067.0950005897394,7191.519638160931,33.92763047303215,573.9343389469987,573.9343389469987
4038265312697427072,37625.34077878249,255934.59289234027,260971.43476705413,583803.4556294099,580.218670701491,123.7039682716689,580.218670701491
4038265484496260992,2160.5345932169794,6415.498583714775,2209.8051196202437,377670.9236624225,196.9403315205551,16990.689143091746,16990.689143091746
4038266416563623680,27954.02282623921,195443.64058061695,254280.8121624041,448487.2547447662,599.1610538328767,76.37479247090273,599.1610538328767
4038266519642765184,436.91818641040254,715.3665932507287,714.2093966553505,2136.5572165224708,63.73010222531139,199.14997289702276,199.14997289702276
4038266618394206592,80.35161489909197,704.2262963402061,148.72909821509222,46555.992371807624,776.4307938609512,31202.54464696497,31202.54464696497
4038266725772558720,34.89651155186166,2139.0127890916046,130.7630442366957,411.1343279222639,6029.589159399781,214.4117134333955,6029.589159399781
4038267172477810944,10.330083425936543,1851.1892487450648,12337.365763508753,129795.95634277188,17820.370750318823,952.0556724246607,17820.370750318823
4038267271203920512,7234.726056155716,18611.70083354415,8751.971356571787,21488.780037036573,157.25508732577728,145.53074000751633,157.25508732577728
4038267477362394880,4701.700908522311,180980.7863192117,46058.3630580302,166464.508598638,3749.261997741406,261.42080948231876,3749.261997741406
4038267924037910656,1295.1126522858142,171783.89495957718,2283.1796430222334,25752.463892020813,13164.011795142804,1027.921053900621,13164.011795142804
4038268576874124672,2284.5176258444235,3390.706747851401,3589.4234983792635,28874.94452690757,48.42112442000083,704.4451856947364,704.4451856947364
4038268615558658816,28.134478240593385,247.0637272015767,93.5547324808855,5974.247282680073,778.1528667025527,6285.831185932461,6285.831185932461
4038268752993259008,558.5052060316258,137215.47965564925,648.3264497991785,116642.16218197175,24468.343888969823,17891.270018075324,24468.343888969823
4038269027904107136,3890.6977514574496,170487.145553428,82163.159399702,264543.305326226,4281.916983645511,221.97314131908308,4281.916983645511
4038269337141723904,52772.84955608372,56749.12289341996,51853.7835275493,204291.70759869914,7.534695152495992,293.9764732696147,293.9764732696147
4038269440220936448,39.946737861488494,133.89627778275675,152.904592310477,1009.7758246141557,235.18701388591316,560.3960086193997,560.3960086193997
4038269508907798912,123.5447872486695,114698.88887611387,226.43071195392824,105616.4544583343,92739.9258523545,46544.04998197596,92739.9258523545
4038269676409974912,470.3273270239791,177099.62540355264,631.4206969253167,128837.70933356772,37554.547211653604,20304.41657375802,37554.547211653604
4038269749426338304,133.44755566812964,270.63397255831643,251.4684137802733,176712.12268324403,102.80174575198313,70172.09502249876,70172.09502249876
4038269818178134784,3163.7013960169998,242313.01770423405,7039.29677714502,188375.50405922436,7559.162081772271,2576.0557200946027,7559.162081772271
4038270127415847808,959.5439634411023,1217.923491284711,936.7194717535065,3157.0739463772425,26.927325655513673,237.03515743804374,237.03515743804374
4038270367901782016,74.28601182823749,133529.3970752225,149.79383945214641,204422.0407228417,179650.39147877033,136368.92386929368,179650.39147877033
4038270402293713536,21421.185254669108,44334.55458741855,23611.58877880272,89483.30102858771,106.96592676987883,278.9804314605091,278.9804314605091
4038270470981241984,117.41692976984206,360.63860524996727,138.1710136748118,241.38410034171199,207.14361715715333,74.69952193432859,207.14361715715333
4038270707176482304,3517.0224904567635,72648.41131641468,4936.630330903166,8973.125957783559,1965.622597340277,81.76621209840332,1965.622597340277
4038271123815399552,129.33920518566438,5145.816750604451,174.49584787034252,701.5412408665136,3878.54366216161,302.0389306843491,3878.54366216161
4038271497450484096,7698.748682341368,179636.58033646777,8289.32604818271,171552.35097967534,2233.321787065221,1969.5572834571421,2233.321787065221
4038271703635209600,934.8994198574154,1392.0515081077212,1632.9423102215924,10345.891190764856,48.89853160033275,533.5735883627698,533.5735883627698
4038271707931085312,451.5784600191174,1302.5021617558182,567.5141617530958,946.6475530484225,188.433190923384,66.80597892467634,188.433190923384
4038271776683199232,5087.298565889009,12206.264144192992,91043.4612150641,136099.772480067,139.9360679563327,49.488794322713936,139.9360679563327
4038271841047946368,7589.057107266087,8627.523146930833,16793.2400929391,171759.3022853946,13.683729414428496,922.7883442076951,922.7883442076951
4038271845402690304,489.3288946460446,3072.874511361347,988.62468525036,1358.273774905319,527.9773266984583,37.39023465323939,527.9773266984583
4038272189000103424,1595.803066594075,5924.972650608466,1935.1388083724783,10381.62631519175,271.28470139201727,436.4796711365152,436.4796711365152
4038272189000111360,39.212243113521964,1773.3068730023879,142.13951254785505,1848.3854193183204,4422.329589430909,1200.4022500049114,4422.329589430909
4038272532565942400,79.49350674184929,247.07647563686118,179.55353807251342,2094.5165864436835,210.8134057278769,1066.5136810603,1066.5136810603
4038272562628641920,82.56738629180349,703.5219580953434,354.83795602380377,600.2327149362054,752.0579246738035,69.15685166891777,752.0579246738035
4038272940559649152,20502.876297541177,208450.80448537008,146085.78174207642,288310.00546355697,916.6905436110382,97.35665033616093,916.6905436110382
4038272979278856960,237.9201467437979,2372.343830117982,554.3440085109133,1676.2066152561997,897.1176727091628,202.37660902277082,897.1176727091628
4038273078026210816,122.64201030952334,684.4390963688936,256.6560277321353,915.8565751364665,458.0788301182518,256.84202830892417,458.0788301182518
4038273219792576640,29734.302892222957,263856.99726745684,26595.62529315317,26974.030138667313,787.3824895907312,1.422808606088909,787.3824895907312
4038273357199877376,71.52395262963758,225.62266654837336,130.89651824705936,1143.6657738869665,215.4505005011167,773.7174901232786,773.7174901232786
4038273460310585728,841.5458191337506,37854.89443250942,1639.9142129482177,6510.605748068297,4398.257084976733,297.00892258038357,4398.257084976733
4038273494642818944,2.497788949424855,294.31019671398576,49.88174434037406,1003.5747007126239,11682.828840753504,1911.907791084072,11682.828840753504
4038273494670344832,17870.90596053546,201989.10478331486,112903.1708717175,307058.4562864675,1030.267851161938,171.96619361147307,1030.267851161938
4038273769516790656,150.01406954441157,86998.73127522289,363.58212650555276,4375.3176977539515,57893.71454919898,1103.3918553163887,57893.71454919898
4038274284913534080,47.57158859591673,174018.32217992723,92.93125011198329,467.767956329832,365703.0503418252,403.34839547102393,365703.0503418252
4038274491102826112,1533.8690280679448,2273.599463451356,3289.1464260499056,186798.38395147785,48.22644057916552,5579.235879316356,5579.235879316356
4038274765949771520,59.747601214141284,1296.011347174968,140.78914329727442,1874.638107286928,2069.143732699721,1231.5217802900145,2069.143732699721
4038274864704964992,574.6365765119614,263164.38795656967,796.3406541731773,1755.7734462051935,45696.665007642754,120.4801973884121,45696.665007642754
4038274933443192576,130.52470615973849,701.1025163605453,291.1246972576381,2525.6208228269206,437.14161631785134,767.5391839366376,767.5391839366376
4038275075187814016,88.58656139303095,132982.36406865538,242.7383331684783,143918.47633089023,150015.73084844562,59189.55449776456,150015.73084844562
4038275208332096768,55.01833461689482,220.56553505688322,164.01710368089405,399.0097319185488,300.89460466720993,143.2732458773618,300.89460466720993
4038275277026500864,272.68675923312935,2567.7699361432565,2883.242046512622,118338.69490289601,841.6555256898195,4004.3621379630836,4004.3621379630836
4038275350096141696,330.1441871343476,119643.53981667143,918.3700412322955,1134.2514827308257,36139.78385177025,23.507021331930016,36139.78385177025
4038275590583115136,608.1832098786598,2481.4236149047492,867.9625667225254,117619.04194425051,308.00593876963893,13451.16527529367,13451.16527529367
4038275659302846720,323.3643047488827,1403.690905758662,539.637637575695,170051.1348419328,334.08962744008994,31412.096822208725,31412.096822208725
4038275659302910464,136.14031827372793,1494.9553337713344,223.44875702813636,1443.4108745905394,998.0988973196986,545.9695250883794,998.0988973196986
4038276037290911104,2408.285210344897,178259.88456521282,5684.906390520062,20585.27729619162,7301.942419423143,262.1040678966827,7301.942419423143
4038276174698889472,362.00874117292705,933.1191446414405,633.0498946299493,2080.465957580297,157.76149537662712,228.641703478434,228.641703478434
4038276277778015104,95.18689026525371,181310.1470790509,218.10175147862802,111245.0283675833,190378.06538673627,50906.02247042675,190378.06538673627
4038276277809331072,10.414843439384981,150228.58455447512,92.42118699611943,150542.66804195615,1442346.8829398595,162787.61585401095,1442346.8829398595
4038276655766341888,18577.768454766134,119806.86735016984,177368.22941119908,335460.0888573393,544.893748363159,89.13200519109328,544.893748363159
4038276690095609216,51.376934268646764,108753.1276838955,195.15724485849827,186314.2124870205,211576.95042921833,95368.76551885657,211576.95042921833
4038276857572935552,415.53328721648046,142039.47673147477,734.2459938964183,40252.585467751735,34082.454475055434,5382.166168063595,34082.454475055434
4038276891929659648,2915.354108252323,250618.7376605142,3131.3423264599915,161432.36205744577,8496.511036210057,5055.372528047625,8496.511036210057
4038277269886817920,41529.1252368115,44277.480782414044,46909.901694285734,223457.21501751625,6.617898956288139,376.354046686771,376.354046686771
4038277372966045184,819.6969602955594,86529.55874911629,1255.1454687086277,47821.07722550364,10456.286401003144,3710.0027779811817,10456.286401003144
4038277446010117632,501.11780331159883,856.5856682612384,624.5847346500393,1566.2159385874863,70.93499025589539,150.76116204874137,150.76116204874137
4038277480400108160,4221.68557371643,11194.174406191074,5597.825970114337,10694.478904460706,165.15888525389707,91.04700577610613,165.15888525389707
4038277544764523520,2466.4550393217764,169607.89579240192,37684.31683408811,115735.57199269875,6776.585751145116,207.11866823072617,6776.585751145116
4038277755245161344,627.3332180312399,2048.83122552016,853.4822698842712,9867.030649663764,226.59377291545434,1056.0908759125944,1056.0908759125944
4038277922721710848,2685.4002520903878,6143.17947083626,3311.892378922082,151775.7017871432,128.76215439595063,4482.748604788343,4482.748604788343
4038278060160654208,40213.59806751692,217272.0748020197,225578.68379890957,382831.7982233432,440.2950376070033,69.71098145275808,440.2950376070033
4038278236285609088,376.6391127982125,446.48818801812837,564.937683223913,1601.95217331827,18.545358898330367,183.56263370084596,183.56263370084596
4038278373720562176,148.9509819432399,470.5632811170813,279.4273063877463,181469.57720256326,215.91821348072537,64843.3942403423,64843.3942403423
4038278472505275904,44.5147383008053,42741.62488216914,55.87048705742735,137686.85952182813,95916.79469245789,246339.33993327201,246339.33993327201
4038278476833013760,2305.3265909372294,177837.1383199251,3575.1767859302686,139930.6777383707,7614.184142890812,3813.951284564532,7614.184142890812
4038278511192742784,875.5645567587414,1136.0748034116473,984.5366568533626,2889.3611438017547,29.75340249236339,193.47420674374115,193.47420674374115
4038278614239025792,2871.3445616217964,175528.2508554635,3776.2502435830443,120025.07416879588,6013.103011096704,3078.4195015347213,6013.103011096704
4038278889117358848,195.4032400921071,507.9199547841292,438.16817646680687,228009.17672765636,159.93425418366212,51936.909336095756,51936.909336095756
4038279228391869824,14705.042677099833,209293.67183040117,144682.6545871104,341556.5073788336,1323.2782347264742,136.07287850333822,1323.2782347264742
4038279301466759424,2358.5442177623686,6996.15835887826,2801.9735031274145,5837.76626424025,196.63036657060235,108.34480617766174,196.63036657060235
4038279365858542592,90.06723380176769,102272.79430262542,147.94382722850364,162975.62383297711,113451.61026452907,110060.47569274818,113451.61026452907
4038279404545997824,14169.467567812933,31745.964595728306,254152.05888611457,366769.7425759306,124.04486579186486,44.31114356633246,124.04486579186486
4038279434549882112,73811.07398946912,251138.1893928993,140215.9280614112,351529.35161979246,240.24459450180885,150.70571972809756,240.24459450180885
4038279915591465216,1196.0474058211219,164574.429596802,2304.2920528239206,2736.158112590588,13659.85841328896,18.741810927890576,13659.85841328896
4038280297869953408,80.12051396576673,2281.865295334615,177.69520080467694,381.24797149690795,2748.0412598321477,114.55164223370151,2748.0412598321477
4038280332229752832,35.72750157256951,127.5216658866445,88.46813776976383,199.68562888757302,256.9285851898241,125.71474196421993,256.9285851898241
4038280710216008448,3065.0944174216916,256303.42468958406,5917.586211635608,149639.47098236458,8262.007487690458,2428.7248149952097,8262.007487690458
4038281122506979584,392.0271242221107,1589.9405635111773,494.3031910998473,1186.8436488961868,305.56901940549534,140.10438740146614,305.56901940549534
4038281363051077248,502.4649882998665,159201.2997010692,744.2791147360075,133883.3695060312,31584.05827433678,17888.328149382374,31584.05827433678
4038281633573664512,4098.425426435647,148776.05755914512,4378.415574304441,117219.27275462063,3530.0784345009765,2577.207559797295,3530.0784345009765
4038281637900366080,18.133604393242486,1242.1130737790033,135.35160240939734,1714.7476109531287,6749.78588284345,1166.883864268219,6749.78588284345
4038281947134492800,261.6069395064293,558.0098875586544,591.6852321285796,1570.4982538611534,113.30087367385784,165.4279959314359,165.4279959314359
4038282393843107584,713.3454270540893,982.247520907244,1415.0803201660701,2980.259088350435,37.69591612350313,110.60706207833344,110.60706207833344
4038282496894019712,182.51220698636703,127428.14837520407,46.32809432764585,98753.0158999503,69718.97292202622,213060.10799308956,213060.10799308956
4038282664365790464,883.5124656098318,2085.450882968102,1298.28915739771,180424.79231806466,136.040912170792,13797.119242658395,13797.119242658395
4038282668692869376,3573.3120708360525,9862.96284960722,4537.5218378446325,9981.836871369615,176.01739378166232,119.98432686576524,176.01739378166232
4038282771772221312,107.70311210997463,3125.4381244653578,168.31091314464737,1261.8700033230523,2801.9014058516736,649.7255999310001,2801.9014058516736
4038283115366594816,111.57856887897486,223.3482562336882,165.58907038123428,4653.120088574343,100.1712860073925,2710.040588947993,2710.040588947993
4038283214124693504,448.8590613662025,828.7652737266968,701.8821009671013,41771.870282237905,84.63819605293588,5851.408395324765,5851.408395324765
4038283252805529344,97.3504323461897,508.9319790801444,231.76422987923627,170868.89299887867,422.7834810946929,73625.3082962423,73625.3082962423
4038283252805530368,173.37740490621403,289.38052292332964,272.36813072186396,2450.2929828459,66.90786384757911,799.6254357482383,799.6254357482383
4038283527683817344,30.81209062989546,407.8750475729774,95.59074389367498,204.0361014675798,1223.7499930538183,113.44755062742054,1223.7499930538183
4038283901335157376,1164.6036378265214,2348.6371785938477,1374.0364458928232,7242.479303786131,101.6683704489423,427.0951382283098,427.0951382283098
4038284004395649280,1287.3867605363089,106286.66898425602,1538.4208470452757,184197.6805101633,8156.001400851625,11873.165916461503,11873.165916461503
4038284485436837504,592.1228720785106,821.8468758040561,961.550125838237,123050.42578716601,38.79667794610813,12697.089042019112,12697.089042019112
4038284558478619136,209.2195475595463,890.6972047914919,340.00949990146466,46751.53956988557,325.7237027711233,13650.068625563183,13650.068625563183
4038284558478649088,112.73472200463098,262.82383571064804,303.8478638496452,2709.886862189622,133.13477075842846,791.8564797054394,791.8564797054394
4038284592866626944,411.9960642893399,1006.4945170138759,654.5461812642142,1668.3832707106048,144.2971193790402,154.89160558361658,154.89160558361658
4038284794669645440,10946.763152249763,35841.57015603077,92144.07151246443,164372.69741455853,227.41706071045,78.38662294440033,227.41706071045
4038284863392301568,437.20067286970686,628.6134851735916,1016.2028888877552,3900.8759209366917,43.78145418841314,283.86782438753363,283.86782438753363
4038285245701664128,28887.051670041787,29515.740893216658,32138.911985105475,182646.11586100282,2.1763703349029324,468.30211285823464,468.30211285823464
4038285378804220416,50.04908311667203,296.7293190003436,93.13239538339721,3713.362040358425,492.87663334135897,3887.1862256647264,3887.1862256647264
4038285383140626816,41171.24618146487,192953.34093713187,237489.37667555021,359655.27424989943,368.66043375679675,51.440573588791736,368.66043375679675
4038285756770485120,502.71739144692043,176501.28692872514,812.0363948550008,126548.20678240297,35009.44517370274,15484.056032981098,35009.44517370274
4038285829817252352,49.791981485734034,8728.177974717233,16638.719277403947,190296.22863271224,17429.284262804355,1043.695169442171,17429.284262804355
4038286066008197120,238.73673502062744,39064.348747648444,391.9675091599903,2188.745308510144,16262.940016027775,458.39967787145304,16262.940016027775
4038287096800811008,411.67290891607337,1309.451693977839,449.6019893126769,771.4939798064923,218.0806085650862,71.59487683448724,218.0806085650862
4038287513444872064,111.86907922663909,470.54343697380494,249.388342002683,546.741738893725,320.61974606988247,119.2330782197682,320.61974606988247
4038287680888493824,18775.13806151229,193509.77532457525,214866.264308625,372961.37609952997,930.67031885777,73.5783778340483,930.67031885777
4038288235000606336,457.6319202435629,57556.14298142389,605.1739844891869,179813.6192134022,12476.951133738901,29612.714660921625,29612.714660921625
4038288612958185728,4742.450696765518,180470.57394215214,11586.074816105836,175259.75204724458,3705.4285744127624,1412.6758184196729,3705.4285744127624
4038288887836080256,1313.2639526616372,1875.0893327644114,1478.3273152788367,10840.684786331036,42.78084226435237,633.3074803049489,633.3074803049489
4038289162690667392,36.33107322193915,3868.2643692271695,170.3265197318614,2226.9688948956095,10547.261493203705,1207.4704387792592,10547.261493203705
4038289334489433984,195.49209141959383,155452.27062141075,345.09073001846735,141694.44637063678,79418.44470667423,40960.055818669505,79418.44470667423
4038289605061820672,51.14848829384437,260.5797987399271,396.4771928418809,830.1966569336715,409.4574784750528,109.39329472723603,409.4574784750528
4038289678097888640,69.76026732447993,2585.0886903202663,113.7932014913184,435.65673724200843,3605.674862592047,282.8495301410831,3605.674862592047
4038289781166398208,181.96917183171144,56190.66880661848,314.6780580790343,67765.51622995552,30779.224343882095,21434.87174912449,30779.224343882095
4038289918615865344,152.01744687880472,421.59572326110003,327.5578346305813,442.8459169401001,177.33377445630666,35.19625242349656,177.33377445630666
4038290051710752512,11419.39808641048,165961.5195314218,98952.11195058686,306222.3192689759,1353.3298364378973,209.4651677792308,1353.3298364378973
4038290429667894144,1591.4183883314417,1910.3500824639555,1562.2459059529015,9742.485092828423,20.0407194280886,523.6204592186743,523.6204592186743
4038290434001951232,249.56662285883726,537.6556789736143,481.9137767138132,917.3447183777405,115.43573127474231,90.35453284468147,115.43573127474231
4038291116889458688,66.41519287684145,246.56828968812061,144.63681819670995,2960.348995690635,271.25283991172057,1946.746487235692,1946.746487235692
4038291254301462656,1361.9465301688724,162236.44457447407,3230.2712152194117,3761.6321295239495,11812.100877731067,16.449421082695245,11812.100877731067
4038291533535976448,103.22093666022364,132189.72474975718,173.69389068418855,125857.75845956907,127964.83745142832,72359.51942455163,127964.83745142832
4038291636615163520,1510.6334562622765,2077.6952384883107,2544.5269661012007,17496.38213537312,37.53801293591771,587.6084383645417,587.6084383645417
4038291769697709824,17831.892071958442,18367.552255743718,17748.83306613289,120309.76145427127,3.0039447391431264,577.8460364464079,577.8460364464079
4038292388174883584,414.3439914122597,747.1500010656846,839.3747047190234,3679.1051004736646,80.3211863937211,338.3149837360452,338.3149837360452
4038292461248879104,2311.9691664985876,2715.049057418519,3561.1069396672315,7405.906877478203,17.43448384869184,107.96642737637778,107.96642737637778
4038292529968324480,7195.039551648886,65622.25361635389,17720.182642099517,24413.207494232553,812.0485460196707,37.77063130394482,812.0485460196707
4038292907913228800,573.7379809364784,720.8808444809767,1020.365022116954,2833.3432043932635,25.6463522432881,177.67937384946012,177.67937384946012
4038293384605484544,3573.8521615656696,184138.79224985387,4947.543605095149,244723.04376643687,5052.389744325194,4846.354459906381,5052.389744325194
4038294247934088320,168.28665403618035,34027.718345731555,270.5918152040729,62262.82045372549,20120.093233546526,22909.868353471295,22909.868353471295
4038294621559888384,960.0010199108661,1458.5674741589837,1128.406418800333,5788.5069383175605,51.93395047584515,412.9806815944578,412.9806815944578
4038294660251082496,1752.1360833849085,112106.24594549152,2193.171845187212,85918.18086531576,6298.261357012649,3817.530723999499,6298.261357012649
4038294690294796416,234.8843978564076,47397.59552586764,369.5468597790243,157039.21568632676,20079.11617733048,42395.07512531173,42395.07512531173
4038294694610541696,101.20602185318971,268.0898306500464,193.09270080139686,512.5848289017831,164.89513740490628,165.46048958577464,165.46048958577464
4038294827714627712,3903.070399139763,103082.1970333583,4821.304418142817,94773.7097436723,2541.054003434773,1865.7275609279918,2541.054003434773
4038294900769564032,39.03888568954033,49797.76124284492,109.91871232030495,173604.4363098777,127459.38178887931,157838.9283637089,157838.9283637089
4038295450544566656,5907.499675576798,17331.37438536518,7638.708094671492,15576.558257398794,193.37918471697546,103.9161343037114,193.37918471697546
4038295892866479616,1566.1731819562183,72423.25682532317,2883.60904924121,3145.595624357597,4524.217657389803,9.085370819783144,4524.217657389803
4038296034638700800,148.71680820043693,453.2996464522232,228.8870901483275,3351.5901116667537,204.8072722494668,1364.2984492899081,1364.2984492899081
4038296653135521408,306.36292518829976,812.2538663396307,510.38211325637724,5345.856617978362,165.1279902228363,947.4224074723812,947.4224074723812
4038296923687428736,121.9505714912558,298.9478482548353,221.69337180786457,416.60156495850606,145.13853817919232,87.91791633696788,145.13853817919232
4038296996732886400,2442.349763122728,187832.67141430042,6329.3659214725585,211178.48153608042,7590.654068078366,3236.487164056217,7590.654068078366
4038297168531588992,1783.4540749541993,2765.838043638025,2257.625120862481,6012.4441686652435,55.0832220733833,166.31720709983546,166.31720709983546
4038297198556412800,249.6149070174186,3308.197312806508,467.8137467325008,805.1865048362268,1225.3204114831392,72.11689704719988,1225.3204114831392
4038297718265801600,303.48623091152535,887.3431942669603,551.5620138331722,2521.0044884272093,192.38334523507442,357.0663724477812,357.0663724477812
4038297954448840832,32026.746967293315,93964.32131100145,470169.7354319895,615961.8182146184,193.39327346283613,31.008393734376778,193.39327346283613
4038298096222892160,127.37965341477148,9071.17598026694,263.5013019842922,394.79909270906654,7021.369651344183,49.82813737011488,7021.369651344183
4038298199311847936,32.79744983391436,139.1415868644208,80.96898614413382,192.60957724232324,324.2451396954064,137.88068298083505,324.2451396954064
4038298302403895424,151.2008059974213,34000.30492962853,235.067340502715,143934.6385716986,22386.85428979023,61131.2362337873,61131.2362337873
4038298577280829568,104570.01308177554,286195.2737349123,407391.65149803547,572324.6641653366,173.68770960285016,40.48512335999514,173.68770960285016
4038298985246841600,806.5495920734215,2037.3806451036403,1367.9814078429788,10977.225000550665,152.6045100173052,702.4396338733476,702.4396338733476
4038299058296249728,907.5423916755205,1284.268318539443,1000.7200169315462,2559.9403374966155,41.51055976221723,155.8098463290484,155.8098463290484
4038299088322392960,2269.3083334546495,13355.099539959265,3711.2207645946532,6093.835022272624,488.50969447718535,64.20028364812742,488.50969447718535
4038299775516967040,2363.1028719559094,182901.29691536305,2368.06274000827,3094.53883985662,7639.878745269268,30.678076538031814,7639.878745269268
4038299917310792576,13368.184749791208,164163.56289989807,30851.63790339535,36800.67148382401,1128.0168622180518,19.282715553244397,1128.0168622180518
4038300840670810624,439.895095148568,164887.5055870427,1180.9730051017164,3342.384330435656,37383.36987739189,183.01953694087857,37383.36987739189
4038301218623983744,58350.35719169731,240154.5009220414,258873.76901661622,295737.80324350356,311.5733175943832,14.240158192513185,311.5733175943832
4038301600938114048,3965.9362631252175,159975.18660778296,78792.70624258422,219176.90311893393,3933.7306500664768,178.16902549855286,3933.7306500664768
4038301837105115648,395.0424015194953,41415.83526460687,661.9991952128122,140906.91397782086,10383.8961856511,21185.05819897918,21185.05819897918
4038301944515031296,426.73932942719665,165946.0504440925,379.1660867764254,173898.58233027853,38786.98298955441,45763.4325154764,45763.4325154764
4038302524298079104,751.5421143186704,2721.556512609076,842.4091901449733,1039.9708056816337,262.12960800957535,23.4519777143767,262.12960800957535
4038302700429520000,107.27704199673225,704.7447133491991,227.07760671209863,980.5481034047975,556.9389873470469,331.81188916086734,556.9389873470469
4038303284565338880,261.8442262039134,279459.56651816325,554.5100326688932,818.6740833986721,106627.4121601336,47.639183272904894,106627.4121601336
4038303452038739840,308.26548268505286,26724.987811935545,461.7708478284709,176470.49145896512,8569.47138523446,38116.0312390523,38116.0312390523
4038304280982698368,340.0627572198474,1338.5541713490106,465.7692032648923,897.0214910017689,293.6197489816998,92.58926625331533,293.6197489816998
4038304860758966528,692.2210064997174,130537.9709461036,853.3646923091508,191369.17177388002,18757.845936542937,22325.250716202845,22325.250716202845
4038304963837464704,2351.948357198862,53837.47968377393,2845.8756337144964,184097.84281091442,2189.058750758185,6368.934925684931,6368.934925684931
4038305174335928960,520.7141260988822,111482.09500372695,1152.5408257468434,1664.9871336073184,21309.46239329732,44.462312866740405,21309.46239329732
4038305719751728128,36415.79214903467,170685.4441487903,344436.34542638477,465322.30229189,368.712704230752,35.09674820055882,368.712704230752
4038305758454842752,35.16347414857381,333.15960132100315,101.91468378440013,303.89194618094984,847.4592866260222,198.18269055696757,847.4592866260222
4038306445662251136,95.133492420056,200.64836186388405,174.8788772171695,314.1028953113225,110.91243132117312,79.61168341746655,110.91243132117312
4038306548721525760,88.43538343122009,206.70976367649928,186.88124932333113,1137.1364854559104,133.7410159331374,508.48078101645314,508.48078101645314
4038306578747060608,288.5406138543026,409.2917429511147,749.3287751333045,5225.191385367381,41.848919458452706,597.316259399998,597.316259399998
4038307167197007360,123.67416200484325,195.99715393824,181.83062063359046,97167.36035728219,58.47865937475644,53338.392289869356,53338.392289869356
4038307167197106688,302.35095394365135,648.9664896712349,323.01624565693385,1339.5856085444345,114.64013299993809,314.71152815241663,314.71152815241663
4038307300299773568,2368.8547624263165,153357.05517065394,4784.290858279905,7146.299625332636,6373.890151609669,49.37009134728787,6373.890151609669
4038307403376891520,27813.047991369713,66141.05438086303,238795.95516543047,351758.68440458114,137.8058471023613,47.30512673922537,137.8058471023613
4038307712620310016,1684.6538476914802,4798.451926416957,1635.724693486445,3106.6688579835977,184.83310877141827,89.92614529538753,184.83310877141827
4038307751312753792,109.7685766185323,2539.0404684182085,171.01022563944653,21470.67910196169,2213.084989014553,12455.201901920127,12455.201901920127
4038308335447636224,1233.853175948212,6844.21693321482,1125.2823132504843,9647.227616369235,454.70270423019025,757.3162043667342,757.3162043667342
4038308507230744320,203.57930637354733,167979.05605202034,335.71023367134086,141210.94559055386,82412.83445469446,41963.34255773653,82412.83445469446
4038308571627818368,391.9914913858503,748.9760538264449,452.6064135588259,1418.8921168829302,91.06946714034738,213.4935949595232,213.4935949595232
4038309361885959168,396.6291308256451,188998.5480630133,903.3958179945771,2165.1225613699244,47551.201935062985,139.66488644769453,47551.201935062985
4038309499321593088,2100.414809172081,233110.32270142232,2421.5806853047757,134624.14330688995,10998.299330374046,5459.349895869623,10998.299330374046
4038309709837212416,2454.3767352862155,2814.7131293584885,5818.7949683104525,13352.711748653246,14.68138077141008,129.47554985822683,129.47554985822683
4038309881635911680,13263.545240067133,162756.75775502238,99688.26614531396,122540.12910824855,1127.09844773145,22.923322720473248,1127.09844773145
4038310362659515136,811.7439656284188,1031.5168195305503,721.234242058025,1464.562008749803,27.074159243301843,103.06329391276678,103.06329391276678
4038310427034555520,33383.650757324656,122396.7437095499,72519.69576199335,82021.23359389308,266.63678457244526,13.102010056803573,266.63678457244526
4038310461424691968,621.9028495911681,908.4579970679296,716.3714626908717,1439.5794063327703,46.07715620938858,100.95432067119863,100.95432067119863
4038310568812395136,347.8046214201293,118030.0690197914,853.361585384547,154734.99981085688,33835.739133614734,18032.407464900036,33835.739133614734
4038310839352920320,2243.399261062768,29236.163589001684,2663.8678491846654,7792.918987894414,1203.2082205087115,192.54150089613515,1203.2082205087115
4038310873712687232,42671.430273329825,43663.97660489219,46429.082590706545,110074.976128887,2.3260207712857413,137.08195378152942,137.08195378152942
4038311015489327488,764.4823713088575,3356.4361320973744,842.3642853460182,1355.4615147624068,339.0468973602198,60.91156027651665,339.0468973602198
4038311324726941952,139.13517932688333,1250.3493765358296,288.04103700159305,670.918504010569,798.657968879507,132.92462455856884,798.657968879507
4038311565245367040,165.69871668583147,402.81117380923683,392.5096149138065,75621.40851997759,143.09854769302527,19166.128942238454,19166.128942238454
4038311702684534528,656.2635203988223,157255.469340647,826.2880822874494,147364.60243066642,23862.244502799764,17734.53078770186,23862.244502799764
4038311870148629248,3056.9641470008596,103156.43408666043,5363.595974872799,139311.76828874217,3274.4731415272113,2497.357611225481,3274.4731415272113
4038312046282306688,120.36312971187799,281.8481371944907,247.0433311890367,425.98911801016453,134.1648458869183,72.43497970977371,134.1648458869183
4038312076307060864,38.01351891080106,117.17509265884364,395.98891464717934,4574.923909620502,208.24584520521677,1055.3161566900667,1055.3161566900667
4038312836572595456,715.1958021756645,81102.12478000038,84251.44137424079,1141810.3599566342,11239.849106116577,1255.241336328916,11239.849106116577
4038313592486947712,26075.577511853244,39996.31979764486,175241.73625420334,373580.46839306434,53.38613221303967,113.18007706289413,113.18007706289413
4038313622521196288,86.22352401261051,53450.24478688104,285.78395437471727,25471.779951288427,61890.327348559484,8812.949646532663,61890.327348559484
4038313759932564608,765.9243162446289,2061.513004708662,903.2508970608842,1406.7629332126037,169.15361752925915,55.744426912844794,169.15361752925915
4038313936065676672,183.2804405933868,397.7166457543916,275.3414995700715,1109.7591102696053,116.99895769933137,303.0482553492389,303.0482553492389
4038313966090958336,906.6340353252729,4236.9446697751155,1015.2404685473922,9604.977088781978,367.3268931774691,846.0790213105665,846.0790213105665
4038314485840215936,1840.7595392165797,161957.52775290125,4163.4786124982575,5532.539893655871,8698.40763024538,32.88263033339136,8698.40763024538
4038314657620721792,1914.4341820207876,2372.2483300036106,2913.8090829065286,11319.754677164974,23.913809745058757,288.48649156771467,288.48649156771467
4038315752814907392,653.097384942079,1091.4163394677087,827.7135536304299,3185.2887135276596,67.11387377006612,284.82983630709947,284.82983630709947
4038315791510240640,2261.461662057257,142712.70383402554,2585.6139667642556,198286.08721584993,6210.639982470429,7568.820240168851,7568.820240168851
4038315825869967616,1053.01343434238,143968.9191811003,1727.4974913445383,161173.42557274076,13572.087599814024,9229.878994342096,13572.087599814024
4038315825869973248,3013.479116567899,173222.8888098448,5370.434209125004,165494.0102294146,5648.269097252985,2981.5759729114766,5648.269097252985
4038316268191791232,1341.1892863855771,3089.7802770884887,1696.7268466722417,163227.95417825563,130.37615260223686,9520.166881804902,9520.166881804902
4038316478705129472,4090.3292471209625,122727.54104196509,7706.846671775249,218015.61644564202,2900.4318387902063,2728.856284945692,2900.4318387902063
4038316753564754688,139.9405370170609,247.12087979802413,267.9444681620815,114708.03542467472,76.58991816495337,42710.37642295605,42710.37642295605
4038316817947650688,900.5736838264369,1960.244855942533,1022.195838094452,3314.7952214304482,117.66623777120286,224.28181546989995,224.28181546989995
4038316856644102144,609.7179449689887,1988.5848916594748,609.3452320965116,939.080304385502,226.14832941494245,54.11301425211859,226.14832941494245
4038317028460966016,230.84051236329955,882.2418236287161,545.2658444581365,4320.170389775886,282.186737759546,692.3053376044669,692.3053376044669
4038317131522201728,906.1515450346742,164685.45805324544,1408.144595563013,195005.7898678983,18074.162915204623,13748.42085694544,18074.162915204623
4038317402063114240,1147.7782982105227,50383.17175257098,3029.404241397206,71519.09425669392,4289.625751865351,2260.830333547967,4289.625751865351
4038317715638140800,180.36355628131665,354.23898971622896,344.5036230960468,1254.8822171833078,96.40275287304455,264.25806088937696,264.25806088937696
4038317814383502080,82.41812538262676,500.20533060460474,566.2621429141201,888.8535930450555,506.9118028132741,56.96857085850784,506.9118028132741
4038318024876303104,2128.1001590513615,110112.18164773237,5185.405657310344,183223.7038706223,5074.201091024627,3433.449762263343,5074.201091024627
4038318162332475648,35496.00446277185,215608.09593944467,52264.71510398331,56945.264138363,507.41511390549346,8.955466465410748,507.41511390549346
4038318776452740224,1787.860257336161,2085.624814332185,4246.3057651882655,9152.463337193565,16.65480038354233,115.53943223369782,115.53943223369782
4038318879550195968,0.21914668708433394,462.8189047707437,133.73279392565215,358.7352149136235,211091.37639194052,168.24775313754378,211091.37639194052
4038318883887011712,24517.386303933206,187477.666784751,25883.557863280235,62675.33356714526,664.6723205347336,142.14342517440292,664.6723205347336
4038318982640204288,58.531330279263656,201.80360204084184,157.50787707666214,1456.619127166437,244.77877245912575,824.7912893000723,824.7912893000723
4038319639801245696,439.834173132107,901.1662092864789,952.5857967400174,1194.9329352708417,104.88772003984505,25.44097753296299,104.88772003984505
4038320017758269824,3483.8769791945197,110972.69330029002,3759.299206949882,16768.47525996316,3085.321811390342,346.05322260497354,3085.321811390342
4038320189539860864,184.50902198242383,121942.98322819451,301.59945729949044,155788.6409837968,65990.52604474306,51554.151628362364,65990.52604474306
4038320288281287040,1107.4060880719308,139593.72224260715,1333.12744972826,1748.4830100344277,12505.468196914946,31.15647797896835,12505.468196914946
4038321112942799104,294.6002108289843,653.4652637682865,417.78281118836264,724.4725317182856,121.8142553019501,73.40888909660002,121.8142553019501
4038321323412089856,445.72706548364044,577.1138911596468,857.6439770067184,130115.14586233073,29.476968272824934,15071.230644730742,15071.230644730742
